6f746590ce9e24e3015fcf958581b86e91a07b3b2fb6e483139d4c75ab777a7e	projects/SP-004-DOC-1-034/PROJECT_SUMMARY.md	SP-004-DOC-1-034/PROJECT_SUMMARY.md
c1b9d8a0c4aebb81cbf70bcfa048b362d5b8f44624dc35c4727cd40bfad06937	projects/SP-004-DOC-1-034/README.md	SP-004-DOC-1-034/README.md
a1ce2dfbad86608ed127fd0c704509c07e1ad6b480084ec127a364b232c8ff7f	projects/SP-004-DOC-1-034/deliverables/R1/DOC-1-034-R1-package.tar.gz	SP-004-DOC-1-034/deliverables/R1/DOC-1-034-R1-package.tar.gz
3d55805cfc56318ac0f1e8f92a012edb0dcb629b2248ec57f3e284c476bc0f05	projects/SP-004-DOC-1-034/deliverables/R1/DOC-1-034-R1-paper.pdf	SP-004-DOC-1-034/deliverables/R1/DOC-1-034-R1-paper.pdf
5216c542068779c7c8986d27945d9b138720695ae3dad37e913cddbbb4b37bb8	projects/SP-004-DOC-1-034/deliverables/R1/MANIFEST.sha256	SP-004-DOC-1-034/deliverables/R1/MANIFEST.sha256
5216c542068779c7c8986d27945d9b138720695ae3dad37e913cddbbb4b37bb8	projects/SP-004-DOC-1-034/deliverables/R1/package/MANIFEST.sha256	SP-004-DOC-1-034/deliverables/R1/package/MANIFEST.sha256
3eca3f40f10b8966c56ac3178bd8ce5a9f85f35121513594f850e9817c0b6e3f	projects/SP-004-DOC-1-034/deliverables/R1/package/PACKAGE_MANIFEST.json	SP-004-DOC-1-034/deliverables/R1/package/PACKAGE_MANIFEST.json
2125fe65a91d395e24cfe8a786e1b9816755246466e2be3b4f26c01934ca99bf	projects/SP-004-DOC-1-034/deliverables/R1/package/README.md	SP-004-DOC-1-034/deliverables/R1/package/README.md
9ed9e1d21da9643eb09150777f8db55e9d93b61b40f0272c5e357dd3c1811d6a	projects/SP-004-DOC-1-034/deliverables/R1/package/cli/CLI_README.md	SP-004-DOC-1-034/deliverables/R1/package/cli/CLI_README.md
3248efd12ded01c54ebfe114be6f18ebf38f0c5481c59580b9daa9050fe81bc3	projects/SP-004-DOC-1-034/deliverables/R1/package/cli/sp004_audit.py	SP-004-DOC-1-034/deliverables/R1/package/cli/sp004_audit.py
5a70f8f18c9e4d70827d52316dd6bab84dfef2e2c43a1f006633fd1b9595f5a4	projects/SP-004-DOC-1-034/deliverables/R1/package/figures/sp004_funnel.png	SP-004-DOC-1-034/deliverables/R1/package/figures/sp004_funnel.png
c53a7b5cf7b8d7b7cbc2b4d2d61ac81ae0d0d428b3f48c0de297a6b9b68bbb5f	projects/SP-004-DOC-1-034/deliverables/R1/package/figures/sp004_novelty.png	SP-004-DOC-1-034/deliverables/R1/package/figures/sp004_novelty.png
19dc20bb0be087fdc3d5f45c42795e41e840abeeb12e8368bef086ffa59ebe9f	projects/SP-004-DOC-1-034/deliverables/R1/package/paper/DOC-1-034-R1-paper.aux	SP-004-DOC-1-034/deliverables/R1/package/paper/DOC-1-034-R1-paper.aux
219fbbe3206d2a7a18c0d29b30bf3b0f21b5e10f75ff8b606c769f2b19ff5bd7	projects/SP-004-DOC-1-034/deliverables/R1/package/paper/DOC-1-034-R1-paper.log	SP-004-DOC-1-034/deliverables/R1/package/paper/DOC-1-034-R1-paper.log
3d55805cfc56318ac0f1e8f92a012edb0dcb629b2248ec57f3e284c476bc0f05	projects/SP-004-DOC-1-034/deliverables/R1/package/paper/DOC-1-034-R1-paper.pdf	SP-004-DOC-1-034/deliverables/R1/package/paper/DOC-1-034-R1-paper.pdf
4cea781480f59fc425b66fa1545dc9fb9360d59b6649d308f4bc28b8f7623e42	projects/SP-004-DOC-1-034/deliverables/R1/package/paper/DOC-1-034-R1-paper.tex	SP-004-DOC-1-034/deliverables/R1/package/paper/DOC-1-034-R1-paper.tex
dbd0544f588db19d983d8c94c3247f85fda38581aaea9bc28feac27c86508cb8	projects/SP-004-DOC-1-034/deliverables/R1/package/paper/SOURCE_paper.md	SP-004-DOC-1-034/deliverables/R1/package/paper/SOURCE_paper.md
0113e87cad65ef661c286377ae0cb36ba154b2a654c163131109329591a0554e	projects/SP-004-DOC-1-034/deliverables/R1/package/protocol/feasibility_log.md	SP-004-DOC-1-034/deliverables/R1/package/protocol/feasibility_log.md
a90624ce91b33a59519677523df712047c86e977cc863ae9a164bb117079c17d	projects/SP-004-DOC-1-034/deliverables/R1/package/protocol/protocol.json	SP-004-DOC-1-034/deliverables/R1/package/protocol/protocol.json
e7259f75bbd6698b05249a8f68ce8bb1b6f11069b8ff40a17d48c6bdefd355f1	projects/SP-004-DOC-1-034/deliverables/R1/package/provenance/ENVIRONMENT.md	SP-004-DOC-1-034/deliverables/R1/package/provenance/ENVIRONMENT.md
0e095490fac0bad8e9abdb44cf325a046371f1d018a8e17933d21931c01b2bd7	projects/SP-004-DOC-1-034/deliverables/R1/package/provenance/MISSING_ARTIFACTS.md	SP-004-DOC-1-034/deliverables/R1/package/provenance/MISSING_ARTIFACTS.md
cbd42848548f43e9d2b7bafaf12734ac02f7abb23a51a4472a6f564762bbec7c	projects/SP-004-DOC-1-034/deliverables/R1/package/provenance/PROVENANCE.md	SP-004-DOC-1-034/deliverables/R1/package/provenance/PROVENANCE.md
6f746590ce9e24e3015fcf958581b86e91a07b3b2fb6e483139d4c75ab777a7e	projects/SP-004-DOC-1-034/deliverables/R1/package/report/PROJECT_SUMMARY.md	SP-004-DOC-1-034/deliverables/R1/package/report/PROJECT_SUMMARY.md
c1b9d8a0c4aebb81cbf70bcfa048b362d5b8f44624dc35c4727cd40bfad06937	projects/SP-004-DOC-1-034/deliverables/R1/package/report/SOURCE_README.md	SP-004-DOC-1-034/deliverables/R1/package/report/SOURCE_README.md
929afc6d9f6f0a6c2acabefa2e1888bbaa6b5cc2163da9c8187ffd51cd107803	projects/SP-004-DOC-1-034/deliverables/R1/package/report/literature_ledger.md	SP-004-DOC-1-034/deliverables/R1/package/report/literature_ledger.md
aeae825815a21b2d4743a549c830ff05b0198a2b9118d350f2be255526e45878	projects/SP-004-DOC-1-034/deliverables/R1/package/report/report.md	SP-004-DOC-1-034/deliverables/R1/package/report/report.md
7e76d642c160adbdec4e9c5906a447c7052971c84d9914aa4c63573fce03adc1	projects/SP-004-DOC-1-034/deliverables/R1/package/results/candidates_decoy.csv	SP-004-DOC-1-034/deliverables/R1/package/results/candidates_decoy.csv
edf0eceb22afe6d4242c9c5275ad281bb0a5e9aeab30e1e20a09eec015b255d0	projects/SP-004-DOC-1-034/deliverables/R1/package/results/candidates_ref.csv	SP-004-DOC-1-034/deliverables/R1/package/results/candidates_ref.csv
38579c9f8307ea34d36dd3ae580ff87d6b67f189b55fbcea3a63a3d8fbde33e7	projects/SP-004-DOC-1-034/deliverables/R1/package/results/funnel_decoy.json	SP-004-DOC-1-034/deliverables/R1/package/results/funnel_decoy.json
10333e5dce00056fc332ae3781ed7717e6f94f04575f8b8f7af2780590755c77	projects/SP-004-DOC-1-034/deliverables/R1/package/results/funnel_ref.json	SP-004-DOC-1-034/deliverables/R1/package/results/funnel_ref.json
ba9b18a8a6a5e1e6ee67e770fe390b8b04acb6a271cb6111ce816516f877d98f	projects/SP-004-DOC-1-034/deliverables/R1/package/results/gate_evaluation.json	SP-004-DOC-1-034/deliverables/R1/package/results/gate_evaluation.json
da2a1e07328ba4cdef6b16c6c7e3474780ad745e0bea9f866379cd3a9b12291c	projects/SP-004-DOC-1-034/deliverables/R1/package/results/run_manifest_decoy.json	SP-004-DOC-1-034/deliverables/R1/package/results/run_manifest_decoy.json
8ee18a0bcb425bb8ab427eed63ea7c14e2233eccc30143d1d6421a2604262041	projects/SP-004-DOC-1-034/deliverables/R1/package/results/run_manifest_ref.json	SP-004-DOC-1-034/deliverables/R1/package/results/run_manifest_ref.json
80b6dc148b0a3babb4ceab69b43ed6e470782cb2ab6f379250c29870cd7f8e27	projects/SP-004-DOC-1-034/deliverables/R1/package/results/run_manifest_validation.json	SP-004-DOC-1-034/deliverables/R1/package/results/run_manifest_validation.json
b05962d3adf6980f1d1a683ef948d041b342a497a60328022d60923e5355632e	projects/SP-004-DOC-1-034/deliverables/R1/package/results/scramble_controls.json	SP-004-DOC-1-034/deliverables/R1/package/results/scramble_controls.json
1ba8bc288b12d79f52b92d905209f1b5c8b861090d1b76388f19b408ccc1391d	projects/SP-004-DOC-1-034/deliverables/R1/package/results/structure_check.json	SP-004-DOC-1-034/deliverables/R1/package/results/structure_check.json
a34510ab32ab4417cca56507d3201fffe78c637cc344906e9105e4723b684d0d	projects/SP-004-DOC-1-034/deliverables/R1/package/results/uniprot_novelty_screen.json	SP-004-DOC-1-034/deliverables/R1/package/results/uniprot_novelty_screen.json
a9d5aa6bb934ef7e916f31fedaab74a648130148c7498602c50ce37b4f53f8aa	projects/SP-004-DOC-1-034/deliverables/R1/package/results/uniprot_screen_summary.json	SP-004-DOC-1-034/deliverables/R1/package/results/uniprot_screen_summary.json
168beb0df7c73db138988c25697ca8e99f9f185c7a5d0a751d7a8237dbb67a1b	projects/SP-004-DOC-1-034/deliverables/R1/package/results/xcat_candidates.json	SP-004-DOC-1-034/deliverables/R1/package/results/xcat_candidates.json
c10d65e4aa5308c0ed9e5f8701315a147ad2675e53706d004c2adebd653e0cc0	projects/SP-004-DOC-1-034/deliverables/R1/package/tests/golden/candidate_MGYP007817750544.txt	SP-004-DOC-1-034/deliverables/R1/package/tests/golden/candidate_MGYP007817750544.txt
8993b571d4e3a58a2eeae3187ac91639ba2dc8bdda5927989de8daa4b8a19005	projects/SP-004-DOC-1-034/deliverables/R1/package/tests/golden/candidates_GH7.txt	SP-004-DOC-1-034/deliverables/R1/package/tests/golden/candidates_GH7.txt
0844451b39967d79370b5361179dad16513bcdf7dea02ce2dd2d73f3631a3158	projects/SP-004-DOC-1-034/deliverables/R1/package/tests/golden/candidates_top20.txt	SP-004-DOC-1-034/deliverables/R1/package/tests/golden/candidates_top20.txt
e75aaf9f6a753560e1cbc46d9a7b526ae143f0e14e9c91daf5d7c3b707ea5044	projects/SP-004-DOC-1-034/deliverables/R1/package/tests/golden/composition.txt	SP-004-DOC-1-034/deliverables/R1/package/tests/golden/composition.txt
a707a6334fd0d35fc98d7208071ce57805a2f37520f7575c644687c7109127d2	projects/SP-004-DOC-1-034/deliverables/R1/package/tests/golden/decoys.txt	SP-004-DOC-1-034/deliverables/R1/package/tests/golden/decoys.txt
4f4505dada22682fa875ccf59d492ecb3dc334f193ab3edf4b8e5f20583047cb	projects/SP-004-DOC-1-034/deliverables/R1/package/tests/golden/funnel.txt	SP-004-DOC-1-034/deliverables/R1/package/tests/golden/funnel.txt
e04c3c52952b3801c293c66f448b227713ee7069fb1493b7d08b696a5a446eab	projects/SP-004-DOC-1-034/deliverables/R1/package/tests/golden/gates.txt	SP-004-DOC-1-034/deliverables/R1/package/tests/golden/gates.txt
7c442cad3c10a797fc1a9c1cfe49c1de9014bfeb11ca46bcbfc40788c4d6246d	projects/SP-004-DOC-1-034/deliverables/R1/package/tests/golden/novelty.txt	SP-004-DOC-1-034/deliverables/R1/package/tests/golden/novelty.txt
50713f7ec7ed5ac1d5a983081125d54a927cc146b6541c9e387fda196dba3d0e	projects/SP-004-DOC-1-034/deliverables/R1/package/tests/golden/scrambles.txt	SP-004-DOC-1-034/deliverables/R1/package/tests/golden/scrambles.txt
20d50dcce881f49c29dbd3458ac10b12119881a8646ab31d42550f671b42c426	projects/SP-004-DOC-1-034/deliverables/R1/package/tests/golden/structure.txt	SP-004-DOC-1-034/deliverables/R1/package/tests/golden/structure.txt
8b6186eb31552fcb9774b87a62a2ae007e84f9879f4c317b23a573f838e0a458	projects/SP-004-DOC-1-034/deliverables/R1/package/tests/golden/uniprot.txt	SP-004-DOC-1-034/deliverables/R1/package/tests/golden/uniprot.txt
c7e14e90be10587c5f9e34fdfff4882fa896d7f55f4e59cc2df79cb3056192d5	projects/SP-004-DOC-1-034/deliverables/R1/package/tests/golden/verify.txt	SP-004-DOC-1-034/deliverables/R1/package/tests/golden/verify.txt
d7d83adfa51a5de16d05ae25856d148dd207a8860d6830630ed08a257b1d03f5	projects/SP-004-DOC-1-034/deliverables/R1/package/tests/golden/xcat.txt	SP-004-DOC-1-034/deliverables/R1/package/tests/golden/xcat.txt
664891c0fa49e9aa3001f032d0398791f4b16ee75ffe38a79daa222404609e2c	projects/SP-004-DOC-1-034/deliverables/R1/package/tests/run_tests.py	SP-004-DOC-1-034/deliverables/R1/package/tests/run_tests.py
5a70f8f18c9e4d70827d52316dd6bab84dfef2e2c43a1f006633fd1b9595f5a4	projects/SP-004-DOC-1-034/figures/sp004_funnel.png	SP-004-DOC-1-034/figures/sp004_funnel.png
c53a7b5cf7b8d7b7cbc2b4d2d61ac81ae0d0d428b3f48c0de297a6b9b68bbb5f	projects/SP-004-DOC-1-034/figures/sp004_novelty.png	SP-004-DOC-1-034/figures/sp004_novelty.png
dbd0544f588db19d983d8c94c3247f85fda38581aaea9bc28feac27c86508cb8	projects/SP-004-DOC-1-034/paper/paper.md	SP-004-DOC-1-034/paper/paper.md
0113e87cad65ef661c286377ae0cb36ba154b2a654c163131109329591a0554e	projects/SP-004-DOC-1-034/protocol/feasibility_log.md	SP-004-DOC-1-034/protocol/feasibility_log.md
a90624ce91b33a59519677523df712047c86e977cc863ae9a164bb117079c17d	projects/SP-004-DOC-1-034/protocol/protocol.json	SP-004-DOC-1-034/protocol/protocol.json
929afc6d9f6f0a6c2acabefa2e1888bbaa6b5cc2163da9c8187ffd51cd107803	projects/SP-004-DOC-1-034/report/literature_ledger.md	SP-004-DOC-1-034/report/literature_ledger.md
aeae825815a21b2d4743a549c830ff05b0198a2b9118d350f2be255526e45878	projects/SP-004-DOC-1-034/report/report.md	SP-004-DOC-1-034/report/report.md
7e76d642c160adbdec4e9c5906a447c7052971c84d9914aa4c63573fce03adc1	projects/SP-004-DOC-1-034/results/candidates_decoy.csv	SP-004-DOC-1-034/results/candidates_decoy.csv
edf0eceb22afe6d4242c9c5275ad281bb0a5e9aeab30e1e20a09eec015b255d0	projects/SP-004-DOC-1-034/results/candidates_ref.csv	SP-004-DOC-1-034/results/candidates_ref.csv
38579c9f8307ea34d36dd3ae580ff87d6b67f189b55fbcea3a63a3d8fbde33e7	projects/SP-004-DOC-1-034/results/funnel_decoy.json	SP-004-DOC-1-034/results/funnel_decoy.json
10333e5dce00056fc332ae3781ed7717e6f94f04575f8b8f7af2780590755c77	projects/SP-004-DOC-1-034/results/funnel_ref.json	SP-004-DOC-1-034/results/funnel_ref.json
ba9b18a8a6a5e1e6ee67e770fe390b8b04acb6a271cb6111ce816516f877d98f	projects/SP-004-DOC-1-034/results/gate_evaluation.json	SP-004-DOC-1-034/results/gate_evaluation.json
da2a1e07328ba4cdef6b16c6c7e3474780ad745e0bea9f866379cd3a9b12291c	projects/SP-004-DOC-1-034/results/run_manifest_decoy.json	SP-004-DOC-1-034/results/run_manifest_decoy.json
8ee18a0bcb425bb8ab427eed63ea7c14e2233eccc30143d1d6421a2604262041	projects/SP-004-DOC-1-034/results/run_manifest_ref.json	SP-004-DOC-1-034/results/run_manifest_ref.json
80b6dc148b0a3babb4ceab69b43ed6e470782cb2ab6f379250c29870cd7f8e27	projects/SP-004-DOC-1-034/results/run_manifest_validation.json	SP-004-DOC-1-034/results/run_manifest_validation.json
b05962d3adf6980f1d1a683ef948d041b342a497a60328022d60923e5355632e	projects/SP-004-DOC-1-034/results/scramble_controls.json	SP-004-DOC-1-034/results/scramble_controls.json
1ba8bc288b12d79f52b92d905209f1b5c8b861090d1b76388f19b408ccc1391d	projects/SP-004-DOC-1-034/results/structure_check.json	SP-004-DOC-1-034/results/structure_check.json
a34510ab32ab4417cca56507d3201fffe78c637cc344906e9105e4723b684d0d	projects/SP-004-DOC-1-034/results/uniprot_novelty_screen.json	SP-004-DOC-1-034/results/uniprot_novelty_screen.json
a9d5aa6bb934ef7e916f31fedaab74a648130148c7498602c50ce37b4f53f8aa	projects/SP-004-DOC-1-034/results/uniprot_screen_summary.json	SP-004-DOC-1-034/results/uniprot_screen_summary.json
168beb0df7c73db138988c25697ca8e99f9f185c7a5d0a751d7a8237dbb67a1b	projects/SP-004-DOC-1-034/results/xcat_candidates.json	SP-004-DOC-1-034/results/xcat_candidates.json
