accession,aliphatic_index,cys,length,min_evalue,pfam,refs,stage_reached
MGYP000010565559,70.6,2,403,2.33e-06,PF00463,Blic_amylase_decoy,F2_fail
MGYP000010692829,70.97,1,62,2.98e-10,,Blic_amylase_decoy,F1_fail
MGYP000013504115,72.54,3,209,1.82e-32,,Blic_amylase_decoy,F2_not_evaluable
MGYP000020086666,94.63,11,683,2.73e-07,PF00128;PF10438,Blic_amylase_decoy,F2_fail
MGYP000053041867,73.95,7,1188,7.24e-06,,Blic_amylase_decoy,F1_fail
MGYP000053719460,87.02,2,245,1.43e-06,PF07171,Blic_amylase_decoy,F2_fail
MGYP000074304542,73.22,2,438,5.69e-89,PF00128,Blic_amylase_decoy,F2_fail
MGYP000082366139,65.0,13,216,2.63e-17,PF00062;PF18896,Gal_lysozyme_decoy,F2_fail
MGYP000087550227,88.89,9,479,1.26e-83,PF00128;PF02517,Blic_amylase_decoy,F2_fail
MGYP000099021683,79.97,2,300,1.75e-32,PF00457,Tre_XYN1_decoy,F2_fail
MGYP000105568504,62.16,1,259,2.13e-06,PF04011,Blic_amylase_decoy,F2_fail
MGYP000116638720,77.92,1,240,3.16e-39,,Blic_amylase_decoy,F2_not_evaluable
MGYP000136368450,79.03,9,867,1.2e-06,PF00128;PF01855;PF09087;PF17147,Blic_amylase_decoy,F2_fail
MGYP000140208330,78.14,5,242,1.47e-21,PF01207,Blic_amylase_decoy,F2_fail
MGYP000149972930,111.36,0,176,3.24e-09,,Blic_amylase_decoy,F1_fail
MGYP000150034621,77.43,2,257,5.46e-16,PF00128,Blic_amylase_decoy,F2_fail
MGYP000152022774,88.12,3,356,5.75e-26,PF01507;PF02771,Blic_amylase_decoy,F2_fail
MGYP000184702453,81.43,4,259,6.82e-10,PF09154,Blic_amylase_decoy,F2_fail
MGYP000185725692,73.08,9,513,4.4e-16,PF00457,Tre_XYN1_decoy,F2_fail
MGYP000195185006,74.09,9,653,5.89e-166,PF00109;PF00128;PF02801,Blic_amylase_decoy,F2_fail
MGYP000197041729,75.41,13,714,4.38e-06,PF00128;PF02903,Blic_amylase_decoy,F2_fail
MGYP000207692424,78.47,8,921,2.36e-12,,Blic_amylase_decoy,F1_fail
MGYP000214916172,78.87,10,151,9.18e-07,,Gal_lysozyme_decoy,F1_fail
MGYP000216979922,80.54,4,205,1.9e-15,PF01180;PF03060,Blic_amylase_decoy,F2_fail
MGYP000217814252,75.8,3,728,2.26e-06,PF00128;PF09087,Blic_amylase_decoy,F2_fail
MGYP000222703855,83.87,0,150,3.5e-24,,Blic_amylase_decoy,F1_fail
MGYP000228833731,95.25,1,316,1.23e-17,PF09154,Blic_amylase_decoy,F2_fail
MGYP000237462557,65.92,7,142,2.81e-09,,Blic_amylase_decoy,F1_fail
MGYP000237509813,95.85,3,164,2.53e-10,,Blic_amylase_decoy,F1_fail
MGYP000247026467,96.14,1,267,4.82e-37,PF07690;PF11700,Blic_amylase_decoy,F2_fail
MGYP000264036934,77.4,0,319,1.78e-07,PF00311;PF04140;PF04191;PF09154,Blic_amylase_decoy,F2_fail
MGYP000280805901,88.69,2,289,1.61e-53,PF00128;PF02324;PF02517,Blic_amylase_decoy,F2_fail
MGYP000280953522,78.38,1,524,9.27e-06,PF00128,Blic_amylase_decoy,F2_fail
MGYP000285947332,83.22,7,622,5.5e-126,PF00005;PF00128;PF09154,Blic_amylase_decoy,F2_fail
MGYP000293773484,73.84,6,370,7.94e-75,PF00128,Blic_amylase_decoy,F2_fail
MGYP000296429958,92.19,2,183,5.71e-33,PF00128,Blic_amylase_decoy,F2_fail
MGYP000302176419,64.92,6,305,1.53e-60,PF00128;PF01844;PF02324,Blic_amylase_decoy,F2_fail
MGYP000311202777,119.65,5,398,6.91e-20,PF02806;PF05940,Blic_amylase_decoy,F2_fail
MGYP000322166777,93.75,11,651,1.9e-07,PF00128;PF03062;PF13561,Blic_amylase_decoy,F2_fail
MGYP000327879369,66.69,14,804,7.03e-79,PF01841;PF04055;PF13353,Blic_amylase_decoy,F2_fail
MGYP000327917534,71.57,1,267,1.09e-06,PF13589,Blic_amylase_decoy,F2_fail
MGYP000328885289,82.7,2,341,1.72e-74,PF00107;PF00128;PF13602,Blic_amylase_decoy,F2_fail
MGYP000332857394,86.85,2,162,2.83e-13,,Blic_amylase_decoy,F1_fail
MGYP000340651398,80.51,2,178,8.13e-29,,Blic_amylase_decoy,F1_fail
MGYP000343958362,64.41,2,161,1.41e-10,,Blic_amylase_decoy,F1_fail
MGYP000345718583,66.67,5,294,2.76e-63,PF00128,Blic_amylase_decoy,F2_fail
MGYP000355565735,87.47,2,241,4.21e-06,PF00128;PF13347,Blic_amylase_decoy,F2_fail
MGYP000361098120,96.94,1,373,6.38e-10,PF00528,Blic_amylase_decoy,F2_fail
MGYP000379092471,95.95,2,173,1.13e-24,,Blic_amylase_decoy,F1_fail
MGYP000384139622,80.35,3,142,5.84e-07,,Blic_amylase_decoy,F1_fail
MGYP000394583445,80.0,1,72,4.06e-09,,Blic_amylase_decoy,F1_fail
MGYP000395985807,90.15,0,66,1.21e-14,,Blic_amylase_decoy,F1_fail
MGYP000399458813,72.03,10,917,3.51e-26,,Blic_amylase_decoy,F1_fail
MGYP000403881068,73.37,10,606,3.93e-112,PF00128;PF12229,Blic_amylase_decoy,F2_fail
MGYP000410468163,68.2,4,267,9.82e-19,PF00535,Blic_amylase_decoy,F2_fail
MGYP000410491782,70.78,13,1365,1.08e-07,,Blic_amylase_decoy,F1_fail
MGYP000417590271,59.95,7,214,8.8e-07,,Blic_amylase_decoy,F2_not_evaluable
MGYP000423309456,86.05,1,266,1.67e-06,PF07171;PF11687,Blic_amylase_decoy,F2_fail
MGYP000423501563,81.66,11,499,1.1e-72,PF00128;PF00483;PF09154;PF24894,Blic_amylase_decoy,F2_fail
MGYP000425348165,86.97,2,307,1.63e-66,PF00128,Blic_amylase_decoy,F2_fail
MGYP000458775216,77.93,2,174,1.8e-13,,Blic_amylase_decoy,F1_fail
MGYP000461295453,78.93,4,383,5.34e-67,PF00625;PF09154,Blic_amylase_decoy,F2_fail
MGYP000461395387,87.3,4,345,1.81e-75,PF00128;PF13375,Blic_amylase_decoy,F2_fail
MGYP000464598430,77.15,3,660,5.18e-150,PF00128;PF01326,Blic_amylase_decoy,F2_fail
MGYP000465529970,66.68,5,262,7.11e-06,PF19305,Blic_amylase_decoy,F2_fail
MGYP000471322490,86.67,1,168,1.95e-12,,Blic_amylase_decoy,F1_fail
MGYP000479625165,74.23,5,546,2.95e-116,PF00128;PF01259,Blic_amylase_decoy,F2_fail
MGYP000490906375,81.17,3,154,2.2e-27,,Blic_amylase_decoy,F1_fail
MGYP000491091564,69.11,1,315,1.43e-16,PF00128,Blic_amylase_decoy,F2_fail
MGYP000510094044,67.16,7,753,1.82e-82,PF00404;PF00457,Tre_XYN1_decoy,F2_fail
MGYP000510685587,63.63,3,259,2.87e-28,,Blic_amylase_decoy,F2_not_evaluable
MGYP000525181801,87.65,6,545,1.43e-49,,Blic_amylase_decoy,F2_not_evaluable
MGYP000533182510,81.78,8,646,6e-58,PF00128;PF06180,Blic_amylase_decoy,F2_fail
MGYP000534554919,80.92,2,76,6.29e-08,,Blic_amylase_decoy,F1_fail
MGYP000535450550,64.87,0,158,2.64e-13,,Blic_amylase_decoy,F1_fail
MGYP000536124163,74.1,6,1024,2.61e-08,,Blic_amylase_decoy,F1_fail
MGYP000536655465,101.45,10,766,8.6e-126,PF00128;PF02324,Blic_amylase_decoy,F2_fail
MGYP000547103360,79.91,3,219,1.85e-25,,Blic_amylase_decoy,F2_not_evaluable
MGYP000547126341,90.3,4,203,4.1e-17,PF03825,Blic_amylase_decoy,F2_fail
MGYP000548376897,81.6,9,313,2.39e-69,PF09154,Blic_amylase_decoy,F2_fail
MGYP000550020102,76.46,1,212,7.71e-35,,Blic_amylase_decoy,F2_not_evaluable
MGYP000561815368,74.46,3,457,1.12e-63,PF00128;PF07821;PF13287;PF13290,Blic_amylase_decoy,F2_fail
MGYP000561856579,75.27,5,165,7.58e-06,,Blic_amylase_decoy,F1_fail
MGYP000568921477,50.26,8,233,1.37e-13,PF00062,Gal_lysozyme_decoy,F2_fail
MGYP000570759952,108.93,6,662,5.4e-36,PF00128;PF00180;PF03169,Blic_amylase_decoy,F2_fail
MGYP000573963040,64.63,0,246,5.37e-38,PF00005,Blic_amylase_decoy,F2_fail
MGYP000581494831,73.8,2,255,2.24e-59,PF00128;PF02324;PF08402,Blic_amylase_decoy,F2_fail
MGYP000582288368,65.98,3,127,1.51e-14,,Blic_amylase_decoy,F1_fail
MGYP000585562750,52.61,3,502,7.85e-21,PF00457;PF14600,Tre_XYN1_decoy,F2_fail
MGYP000587423890,82.73,3,629,1.3e-96,PF00128,Blic_amylase_decoy,F2_fail
MGYP000595291232,78.13,8,535,1.72e-57,PF00128;PF19501,Blic_amylase_decoy,F2_fail
MGYP000606026428,63.37,11,936,6.39e-08,,Blic_amylase_decoy,F1_fail
MGYP000606267945,89.7,8,265,1.54e-35,PF05035,Blic_amylase_decoy,F2_fail
MGYP000610315186,87.72,0,158,2.22e-31,,Blic_amylase_decoy,F1_fail
MGYP000619822817,75.55,9,926,4.65e-151,,Blic_amylase_decoy,F1_fail
MGYP000631344617,81.72,2,290,2.53e-27,,Blic_amylase_decoy,F2_not_evaluable
MGYP000644372738,82.68,2,205,2.15e-33,PF00128;PF00266,Blic_amylase_decoy,F2_fail
MGYP000644897109,59.77,1,129,6.4e-09,,Blic_amylase_decoy,F1_fail
MGYP000645256499,68.98,9,765,8.29e-06,PF00128;PF00331;PF13287;PF13290,Blic_amylase_decoy,F2_fail
MGYP000647375021,73.04,1,609,3.82e-35,PF09154,Blic_amylase_decoy,F2_fail
MGYP000647416969,91.81,2,188,2.84e-24,PF20903,Blic_amylase_decoy,F2_fail
MGYP000656243503,66.15,5,291,2.92e-19,PF00128;PF05761,Blic_amylase_decoy,F2_fail
MGYP000667048031,88.09,3,257,2.45e-41,,Blic_amylase_decoy,F2_not_evaluable
MGYP000670720176,67.11,2,263,4.3e-06,PF00128,Blic_amylase_decoy,F2_fail
MGYP000671805997,78.71,0,62,1.25e-12,,Blic_amylase_decoy,F1_fail
MGYP000685699341,74.32,4,613,3.39e-06,PF00128;PF13620,Blic_amylase_decoy,F2_fail
MGYP000687761953,77.01,5,375,8.13e-70,PF00128;PF01751;PF02324,Blic_amylase_decoy,F2_fail
MGYP000691579905,75.1,3,469,3.56e-15,PF00128;PF00580;PF13245,Blic_amylase_decoy,F2_fail
MGYP000692551202,99.41,3,204,1.48e-09,PF07736,Blic_amylase_decoy,F2_fail
MGYP000701054748,70.17,2,421,1.53e-26,PF00457,Tre_XYN1_decoy,F2_fail
MGYP000710122655,85.91,3,186,5.3e-21,,Blic_amylase_decoy,F2_not_evaluable
MGYP000715020637,88.13,0,209,5.87e-15,,Blic_amylase_decoy,F2_not_evaluable
MGYP000717187067,84.29,6,869,5.38e-08,PF00128;PF03180;PF09087;PF10438,Blic_amylase_decoy,F2_fail
MGYP000722120265,71.83,2,262,4.39e-52,PF00128;PF02324,Blic_amylase_decoy,F2_fail
MGYP000724047799,94.3,4,265,1.86e-28,PF02806;PF03446,Blic_amylase_decoy,F2_fail
MGYP000731907224,72.92,8,497,1.63e-80,,Blic_amylase_decoy,F2_not_evaluable
MGYP000740751392,68.61,3,382,3.76e-62,PF00128;PF02324;PF08842,Blic_amylase_decoy,F2_fail
MGYP000744814647,64.59,1,257,1.86e-43,,Blic_amylase_decoy,F2_not_evaluable
MGYP000755527583,105.96,1,57,3.52e-07,,Blic_amylase_decoy,F1_fail
MGYP000759088396,84.39,3,394,3.37e-65,PF00128,Blic_amylase_decoy,F2_fail
MGYP000760014156,92.54,1,138,1.09e-17,,Blic_amylase_decoy,F1_fail
MGYP000762957051,67.85,4,79,5.98e-08,,Blic_amylase_decoy,F1_fail
MGYP000769706699,80.19,12,647,1.94e-154,PF00128;PF00142,Blic_amylase_decoy,F2_fail
MGYP000779537733,83.63,5,289,5.85e-59,PF00128;PF08842,Blic_amylase_decoy,F2_fail
MGYP000783571146,70.28,1,179,1.76e-20,,Blic_amylase_decoy,F1_fail
MGYP000793956761,83.28,0,61,8.78e-07,,Blic_amylase_decoy,F1_fail
MGYP000806500287,78.38,4,179,4.38e-19,,Blic_amylase_decoy,F1_fail
MGYP000808665608,70.41,3,292,6.13e-49,,Blic_amylase_decoy,F2_not_evaluable
MGYP000811535983,68.97,0,68,2.54e-17,,Blic_amylase_decoy,F1_fail
MGYP000820132034,88.24,2,199,6.78e-26,,Blic_amylase_decoy,F2_not_evaluable
MGYP000826170185,77.45,3,345,3.36e-84,PF00128;PF02324;PF02486,Blic_amylase_decoy,F2_fail
MGYP000827207244,89.24,4,446,1.76e-90,PF00128;PF00999;PF03601,Blic_amylase_decoy,F2_fail
MGYP000827976187,73.97,1,78,7.47e-17,,Blic_amylase_decoy,F1_fail
MGYP000828865543,89.18,10,427,6.55e-58,,Blic_amylase_decoy,F2_not_evaluable
MGYP000834909592,80.1,0,101,2.88e-16,,Blic_amylase_decoy,F1_fail
MGYP000835169639,85.79,0,242,4.16e-22,PF07724;PF07728;PF09154,Blic_amylase_decoy,F2_fail
MGYP000844876689,80.48,4,672,3.34e-31,PF00404;PF00457;PF00657;PF03422;PF13472,Tre_XYN1_decoy,F2_fail
MGYP000845587121,63.44,6,692,3.42e-23,PF00457;PF00657;PF13472,Tre_XYN1_decoy,F2_fail
MGYP000847362059,84.9,6,263,1.1e-48,PF00128,Blic_amylase_decoy,F2_fail
MGYP000850582713,88.54,5,432,5.1e-14,PF00457;PF05977;PF07690,Tre_XYN1_decoy,F2_fail
MGYP000850715389,64.69,1,1786,2.28e-09,,Blic_amylase_decoy,F1_fail
MGYP000852882285,100.18,5,512,2.81e-44,,Blic_amylase_decoy,F2_not_evaluable
MGYP000855829149,69.37,5,527,2.87e-103,PF00128;PF06048,Blic_amylase_decoy,F2_fail
MGYP000856905645,85.87,2,150,2.59e-09,,Blic_amylase_decoy,F1_fail
MGYP000859045117,99.08,2,120,2.89e-07,,Blic_amylase_decoy,F1_fail
MGYP000860334217,77.8,2,1173,1.28e-13,,Blic_amylase_decoy,F1_fail
MGYP000862760028,69.17,1,216,2.42e-31,PF00128,Blic_amylase_decoy,F2_fail
MGYP000862866396,79.78,2,367,2.26e-47,PF09154;PF27417,Blic_amylase_decoy,F2_fail
MGYP000863542125,64.93,2,150,4.09e-30,,Blic_amylase_decoy,F1_fail
MGYP000866290654,70.22,5,629,3.59e-108,PF00128,Blic_amylase_decoy,F2_fail
MGYP000866910398,92.24,9,804,4.38e-93,PF00128;PF00873;PF03176,Blic_amylase_decoy,F2_fail
MGYP000868418096,84.35,0,207,4.21e-34,PF02324;PF13083,Blic_amylase_decoy,F2_fail
MGYP000870572452,85.43,7,420,3.37e-52,PF00128;PF02324;PF03929,Blic_amylase_decoy,F2_fail
MGYP000871160526,110.68,6,237,4.28e-14,,Blic_amylase_decoy,F2_not_evaluable
MGYP000872144737,74.85,10,1249,9.44e-14,,Blic_amylase_decoy,F1_fail
MGYP000872824957,81.88,1,292,8.65e-60,PF00128,Blic_amylase_decoy,F2_fail
MGYP000875417407,85.71,0,324,1.52e-75,PF00004;PF00128,Blic_amylase_decoy,F2_fail
MGYP000880373845,87.6,3,367,2.87e-39,PF00218,Blic_amylase_decoy,F2_fail
MGYP000882149930,77.59,0,228,3.86e-13,PF00199,Blic_amylase_decoy,F2_fail
MGYP000884676212,95.49,4,716,1.38e-63,PF00128;PF00324;PF13520,Blic_amylase_decoy,F2_fail
MGYP000885116418,57.24,3,395,5.29e-17,PF00457,Tre_XYN1_decoy,F2_fail
MGYP000885254449,88.75,18,987,5.34e-55,,Blic_amylase_decoy,F1_fail
MGYP000886226810,84.09,9,357,1.42e-07,PF01131,Blic_amylase_decoy,F2_fail
MGYP000887640672,88.01,2,196,2.81e-08,,Blic_amylase_decoy,F2_not_evaluable
MGYP000889570490,69.66,0,498,4.47e-76,PF00128;PF19076,Blic_amylase_decoy,F2_fail
MGYP000893911265,70.34,0,388,7.54e-99,PF00128,Blic_amylase_decoy,F2_fail
MGYP000903891451,81.34,1,447,3.11e-08,,Blic_amylase_decoy,F2_not_evaluable
MGYP000905076096,92.15,0,195,1.36e-31,,Blic_amylase_decoy,F2_not_evaluable
MGYP000911569538,83.02,3,348,4.76e-39,PF18317,Blic_amylase_decoy,F2_fail
MGYP000918018565,84.25,5,374,1.15e-09,PF00330,Blic_amylase_decoy,F2_fail
MGYP000920338639,86.63,2,297,6.3e-53,PF02556,Blic_amylase_decoy,F2_fail
MGYP000921392334,90.49,1,185,1.46e-08,PF02348,Blic_amylase_decoy,F2_fail
MGYP000928713412,88.13,5,268,1.67e-14,PF11062,Blic_amylase_decoy,F2_fail
MGYP000931109205,75.28,1,144,4.59e-29,,Blic_amylase_decoy,F1_fail
MGYP000932349028,75.43,3,230,4.85e-07,PF00457;PF01735,Tre_XYN1_decoy,F2_fail
MGYP000933922010,72.85,7,386,2.96e-10,PF23235,Blic_amylase_decoy,F2_fail
MGYP000934823776,79.67,2,240,1.86e-51,PF00128,Blic_amylase_decoy,F2_fail
MGYP000940430216,78.83,0,120,2.71e-14,,Blic_amylase_decoy,F1_fail
MGYP000941152111,75.48,6,753,2.01e-39,PF01432,Blic_amylase_decoy,F2_fail
MGYP000944852099,73.68,4,895,1.64e-36,PF13860;PF18962,Blic_amylase_decoy,F2_fail
MGYP000945414454,89.49,0,196,4.97e-29,,Blic_amylase_decoy,F2_not_evaluable
MGYP000948663694,87.89,6,223,2.36e-06,PF00062;PF02518,Gal_lysozyme_decoy,F2_fail
MGYP000949672512,92.56,4,293,2.75e-26,PF02806;PF05137,Blic_amylase_decoy,F2_fail
MGYP000952352486,98.18,1,143,2.04e-26,,Blic_amylase_decoy,F1_fail
MGYP000957292706,91.51,4,258,1.8e-32,,Blic_amylase_decoy,F2_not_evaluable
MGYP000958883687,77.51,1,213,3.05e-18,PF00815,Blic_amylase_decoy,F2_fail
MGYP000960780841,54.08,3,206,1.01e-08,PF00457,Tre_XYN1_decoy,F2_fail
MGYP000962128394,75.43,9,750,8.06e-09,PF00128;PF01979;PF07969;PF10438,Blic_amylase_decoy,F2_fail
MGYP000963705976,77.49,4,415,5.53e-59,PF00128,Blic_amylase_decoy,F2_fail
MGYP000976371140,79.84,0,193,4.02e-47,PF00128;PF02324,Blic_amylase_decoy,F2_fail
MGYP000979329936,84.27,2,199,3.41e-33,,Blic_amylase_decoy,F2_not_evaluable
MGYP000985529672,88.2,2,345,4.2e-08,PF12741;PF12771,Blic_amylase_decoy,F2_fail
MGYP000987142685,85.85,2,275,1.15e-29,PF00128,Blic_amylase_decoy,F2_fail
MGYP000988656555,71.46,6,411,3.66e-71,PF00128,Blic_amylase_decoy,F2_fail
MGYP000991018602,82.21,16,1277,3.83e-06,,Blic_amylase_decoy,F1_fail
MGYP000991262896,124.75,0,118,1.58e-08,,Blic_amylase_decoy,F1_fail
MGYP000992827939,71.3,1,253,8.65e-08,,Blic_amylase_decoy,F2_not_evaluable
MGYP000998714385,73.04,5,171,1.07e-24,,Blic_amylase_decoy,F1_fail
MGYP001002456125,85.43,3,435,2.03e-51,PF09084;PF09154,Blic_amylase_decoy,F2_fail
MGYP001004525504,78.43,5,337,3.17e-18,PF06634,Blic_amylase_decoy,F2_fail
MGYP001007453479,71.1,1,237,5.6e-06,PF02517,Blic_amylase_decoy,F2_fail
MGYP001008225433,85.14,6,692,9.68e-28,PF01432;PF01751;PF08275;PF10410;PF13155;PF13662,Blic_amylase_decoy,F2_fail
MGYP001010444546,74.02,4,331,3.34e-06,PF00128,Blic_amylase_decoy,F2_fail
MGYP001017154916,76.24,1,489,7.81e-17,PF00128,Blic_amylase_decoy,F2_fail
MGYP001028340609,80.2,2,709,6.25e-11,PF00128;PF13175;PF13476,Blic_amylase_decoy,F2_fail
MGYP001030444212,104.95,3,426,5.16e-45,,Blic_amylase_decoy,F2_not_evaluable
MGYP001031613736,100.0,0,74,2.92e-11,,Blic_amylase_decoy,F1_fail
MGYP001034838500,63.05,5,880,2.25e-28,PF00404;PF00457;PF01522;PF03422,Tre_XYN1_decoy,F2_fail
MGYP001042238082,78.75,2,353,3.07e-43,PF00485;PF02324,Blic_amylase_decoy,F2_fail
MGYP001044305474,78.86,7,797,2.98e-60,PF00128;PF00905;PF03717,Blic_amylase_decoy,F2_fail
MGYP001045099510,74.77,3,1236,1.11e-06,,Blic_amylase_decoy,F1_fail
MGYP001049812523,76.67,7,697,4.45e-27,PF00404;PF00457;PF03422;PF03629,Tre_XYN1_decoy,F2_fail
MGYP001051593289,83.84,1,172,1.75e-18,,Blic_amylase_decoy,F1_fail
MGYP001059865798,91.51,3,476,5.79e-62,PF07715;PF13715,Blic_amylase_decoy,F2_fail
MGYP001060273613,50.04,3,228,2.19e-38,,Blic_amylase_decoy,F2_not_evaluable
MGYP001062044198,76.28,8,1917,1.99e-17,,Blic_amylase_decoy,F1_fail
MGYP001065042784,81.78,3,174,9.57e-33,,Blic_amylase_decoy,F1_fail
MGYP001068034780,67.32,5,477,5.61e-55,PF00128,Blic_amylase_decoy,F2_fail
MGYP001068109413,82.87,1,87,9.6e-06,,Blic_amylase_decoy,F1_fail
MGYP001070686715,82.55,5,365,3e-78,PF00005,Blic_amylase_decoy,F2_fail
MGYP001071164357,95.22,2,255,4.14e-49,PF00128,Blic_amylase_decoy,F2_fail
MGYP001082614332,69.8,2,450,1.18e-12,,Blic_amylase_decoy,F2_not_evaluable
MGYP001086302512,76.95,2,213,1.33e-15,PF00128,Blic_amylase_decoy,F2_fail
MGYP001087633491,87.01,1,204,1.29e-46,PF09154,Blic_amylase_decoy,F2_fail
MGYP001095042437,84.68,4,190,4.01e-33,PF00128,Blic_amylase_decoy,F2_fail
MGYP001096749073,60.2,5,149,1.66e-15,,Blic_amylase_decoy,F1_fail
MGYP001099866472,69.44,8,1465,1.47e-10,,Blic_amylase_decoy,F1_fail
MGYP001103043094,59.65,1,172,1.2e-18,,Blic_amylase_decoy,F1_fail
MGYP001104351398,94.59,5,270,4.19e-15,,Blic_amylase_decoy,F2_not_evaluable
MGYP001106967178,74.42,16,747,1.23e-103,PF00128,Blic_amylase_decoy,F2_fail
MGYP001110127886,67.35,1,264,3.47e-09,PF00128,Blic_amylase_decoy,F2_fail
MGYP001111701542,71.8,0,128,1.96e-21,,Blic_amylase_decoy,F1_fail
MGYP001113565188,80.33,6,369,7.99e-52,PF00128;PF05116;PF08282,Blic_amylase_decoy,F2_fail
MGYP001113728054,89.09,4,197,3.93e-18,PF02806,Blic_amylase_decoy,F2_fail
MGYP001114514437,79.95,10,573,1.32e-62,PF00128;PF00485;PF01734;PF02324,Blic_amylase_decoy,F2_fail
MGYP001116265822,86.96,4,619,1.2e-103,PF00128;PF08918;PF26769,Blic_amylase_decoy,F2_fail
MGYP001116928734,65.37,1,82,1.72e-15,,Blic_amylase_decoy,F1_fail
MGYP001123520789,78.1,9,780,3.62e-10,PF00128;PF09087;PF10438,Blic_amylase_decoy,F2_fail
MGYP001127136753,89.33,6,478,1.17e-53,PF00154;PF08423;PF21096,Blic_amylase_decoy,F2_fail
MGYP001129433248,77.64,3,220,2.95e-31,PF00128,Blic_amylase_decoy,F2_fail
MGYP001131949238,76.17,2,282,4.17e-36,PF00128,Blic_amylase_decoy,F2_fail
MGYP001134351649,72.56,2,168,1.54e-10,,Blic_amylase_decoy,F1_fail
MGYP001137227727,72.97,6,306,2.47e-59,PF00128;PF13588,Blic_amylase_decoy,F2_fail
MGYP001138923954,77.11,2,506,2.74e-69,PF00128;PF02922,Blic_amylase_decoy,F2_fail
MGYP001139789092,81.99,5,392,1.47e-96,PF00128;PF09154,Blic_amylase_decoy,F2_fail
MGYP001141495144,65.24,2,84,2.42e-11,,Blic_amylase_decoy,F1_fail
MGYP001147295998,75.99,2,294,3.1e-07,PF00128,Blic_amylase_decoy,F2_fail
MGYP001149592092,63.18,1,173,6.12e-14,,Blic_amylase_decoy,F1_fail
MGYP001152841592,96.18,10,136,2.07e-23,,Gal_lysozyme_decoy,F1_fail
MGYP001158217658,76.47,4,4946,5.91e-13,,Blic_amylase_decoy,F1_fail
MGYP001170442054,66.13,9,1080,1.05e-08,,Blic_amylase_decoy,F1_fail
MGYP001174274825,52.35,6,673,2.09e-41,PF00457;PF01522,Tre_XYN1_decoy,F2_fail
MGYP001174552357,83.5,3,2257,2.14e-07,,Blic_amylase_decoy,F1_fail
MGYP001199984321,73.61,5,1223,1.01e-21,,Blic_amylase_decoy,F1_fail
MGYP001203468128,76.52,1,210,7.05e-06,PF00128,Blic_amylase_decoy,F2_fail
MGYP001205368380,64.1,1,463,3.28e-13,PF04760,Blic_amylase_decoy,F2_fail
MGYP001206237138,63.29,3,416,8.95e-18,PF00331;PF00404;PF00457,Tre_XYN1_decoy,F2_fail
MGYP001222345545,80.61,14,492,3.05e-07,PF00378;PF07821;PF16113,Blic_amylase_decoy,F2_fail
MGYP001225743234,56.51,8,470,1.45e-21,PF00457;PF03422,Tre_XYN1_decoy,F2_fail
MGYP001233775863,73.13,3,1215,1.88e-21,,Blic_amylase_decoy,F1_fail
MGYP001250498542,76.2,1,408,1.53e-06,PF00128,Blic_amylase_decoy,F2_fail
MGYP001268049634,76.19,1,370,6.86e-06,PF09154,Blic_amylase_decoy,F2_fail
MGYP001287857392,71.13,8,459,2.38e-10,PF00457,Tre_XYN1_decoy,F2_fail
MGYP001289179132,84.16,4,219,4.38e-09,PF00128,Blic_amylase_decoy,F2_fail
MGYP001299385659,93.38,1,213,9.54e-12,PF00128,Blic_amylase_decoy,F2_fail
MGYP001308184054,77.93,1,169,1.14e-30,,Blic_amylase_decoy,F1_fail
MGYP001308186465,85.18,3,199,4.95e-07,PF00457,Tre_XYN1_decoy,F2_fail
MGYP001312246423,70.98,7,928,1.24e-20,,Tre_XYN1_decoy,F1_fail
MGYP001318675157,78.97,12,697,4.57e-06,PF00128;PF00686,Blic_amylase_decoy,F2_fail
MGYP001329712408,100.78,1,204,1.11e-38,PF00128;PF02324,Blic_amylase_decoy,F2_fail
MGYP001345826205,56.97,13,178,1.55e-15,,Gal_lysozyme_decoy,F1_fail
MGYP001353009334,78.83,18,1029,5.16e-07,,Tre_XYN1_decoy,F1_fail
MGYP001370750765,76.4,5,1074,1.51e-17,,Blic_amylase_decoy,F1_fail
MGYP001374444927,68.46,4,285,7.4e-49,,Blic_amylase_decoy,F2_not_evaluable
MGYP001377236633,84.81,5,853,3.69e-22,PF00457;PF03629,Tre_XYN1_decoy,F2_fail
MGYP001377852548,64.83,5,176,5.79e-09,,Gal_lysozyme_decoy,F1_fail
MGYP001382648749,84.09,1,225,3.82e-15,PF04392,Blic_amylase_decoy,F2_fail
MGYP001402227008,71.82,7,650,1.17e-12,PF00128;PF03417,Blic_amylase_decoy,F2_fail
MGYP001406294815,85.43,3,234,4.58e-15,PF00121;PF00128,Blic_amylase_decoy,F2_fail
MGYP001414343668,66.68,2,211,1.44e-06,,Blic_amylase_decoy,F2_not_evaluable
MGYP001420690271,88.78,8,646,2.35e-16,PF00128;PF02922;PF16561,Blic_amylase_decoy,F2_fail
MGYP001421364326,75.87,2,305,6.31e-15,PF00128,Blic_amylase_decoy,F2_fail
MGYP001424744735,72.93,8,1067,7.2e-06,,Blic_amylase_decoy,F1_fail
MGYP001439841978,89.76,5,803,2.78e-14,PF00128;PF00686,Blic_amylase_decoy,F2_fail
MGYP001445330503,61.41,38,687,1.01e-15,PF00062;PF08212;PF18896;PF24976,Gal_lysozyme_decoy,F2_fail
MGYP001450152272,82.05,4,767,5.53e-06,PF00128,Blic_amylase_decoy,F2_fail
MGYP001458668703,47.4,43,553,2.46e-08,PF00457,Tre_XYN1_decoy,F2_fail
MGYP001468110252,75.85,7,603,1.14e-09,PF00404;PF00457,Tre_XYN1_decoy,F2_fail
MGYP001468134604,59.38,6,805,7.71e-23,PF00457;PF00722;PF02018,Tre_XYN1_decoy,F2_fail
MGYP001472446110,68.16,35,1930,2.02e-06,,Blic_amylase_decoy,F1_fail
MGYP001477916108,75.99,1,367,7.9e-14,PF00128,Blic_amylase_decoy,F2_fail
MGYP001493725375,88.38,2,259,3.99e-06,PF02687,Blic_amylase_decoy,F2_fail
MGYP001497764383,73.52,11,318,3.07e-10,PF00457;PF00734,Tre_XYN1_decoy,F2_fail
MGYP001498953603,87.48,12,559,2.12e-16,PF00128;PF02595,Blic_amylase_decoy,F2_fail
MGYP001539219373,81.8,4,255,6.95e-45,PF09154,Blic_amylase_decoy,F2_fail
MGYP001545486751,74.82,5,274,5.96e-07,PF09154,Blic_amylase_decoy,F2_fail
MGYP001552060095,78.66,1,127,9.13e-26,,Blic_amylase_decoy,F1_fail
MGYP001559107176,78.81,2,177,4.33e-06,,Blic_amylase_decoy,F1_fail
MGYP001583662321,89.22,5,245,8.59e-27,,Blic_amylase_decoy,F2_not_evaluable
MGYP001589836903,75.86,5,894,1.48e-12,PF00128;PF00756;PF09087,Blic_amylase_decoy,F2_fail
MGYP001597180931,85.37,1,162,8.27e-14,,Tre_XYN1_decoy,F1_fail
MGYP001598216663,69.09,19,843,2.79e-11,PF11617,Blic_amylase_decoy,F2_fail
MGYP001610353334,71.95,3,1537,3.35e-11,,Blic_amylase_decoy,F1_fail
MGYP001618252069,72.56,2,246,1.47e-40,PF00128;PF25583,Blic_amylase_decoy,F2_fail
MGYP001627533145,49.74,1,230,7.4e-07,PF00457,Tre_XYN1_decoy,F2_fail
MGYP001632952224,84.53,7,490,1.55e-108,PF00128;PF01926;PF02421;PF09154,Blic_amylase_decoy,F2_fail
MGYP001636300802,76.15,14,260,7.46e-09,,Blic_amylase_decoy,F2_not_evaluable
MGYP001656719585,72.75,4,683,4.33e-06,PF00128,Blic_amylase_decoy,F2_fail
MGYP001662973762,71.46,1,82,3e-18,,Blic_amylase_decoy,F1_fail
MGYP001662983855,127.8,3,164,6.54e-15,,Blic_amylase_decoy,F1_fail
MGYP001666227958,84.93,4,286,1.53e-35,PF04101,Blic_amylase_decoy,F2_fail
MGYP001672074870,71.94,11,479,1.93e-113,PF00128;PF02324,Blic_amylase_decoy,F2_fail
MGYP001675368563,74.23,3,175,7.61e-28,,Blic_amylase_decoy,F1_fail
MGYP001692206035,62.71,5,517,6.57e-67,PF00128;PF02324,Blic_amylase_decoy,F2_fail
MGYP001713972055,92.02,3,173,2.18e-23,,Blic_amylase_decoy,F1_fail
MGYP001731143158,65.11,10,501,3.3e-101,PF00128;PF02324,Blic_amylase_decoy,F2_fail
MGYP001752066630,88.88,1,80,2.8e-07,,Blic_amylase_decoy,F1_fail
MGYP001764674988,78.08,4,146,1.69e-15,,Blic_amylase_decoy,F1_fail
MGYP001769593980,79.91,1,233,2.35e-11,PF00128,Blic_amylase_decoy,F2_fail
MGYP001770771393,79.69,6,1089,1.16e-31,,Blic_amylase_decoy,F1_fail
MGYP001788053576,65.75,2,228,2.42e-36,,Blic_amylase_decoy,F2_not_evaluable
MGYP001789158558,64.83,1,259,8.07e-42,PF00128;PF07661,Blic_amylase_decoy,F2_fail
MGYP001789264218,69.94,1,169,3.47e-07,,Blic_amylase_decoy,F1_fail
MGYP001789439908,78.14,0,618,1.18e-06,PF00521;PF02324,Blic_amylase_decoy,F2_fail
MGYP001797592553,81.08,2,166,1.74e-13,,Blic_amylase_decoy,F1_fail
MGYP001798677846,65.41,5,122,1.89e-06,,Blic_amylase_decoy,F1_fail
MGYP001811514565,81.04,3,164,8.45e-11,,Blic_amylase_decoy,F1_fail
MGYP001816755299,73.04,14,1061,3.46e-07,,Blic_amylase_decoy,F1_fail
MGYP001819643141,67.51,10,414,7.75e-08,PF00515;PF07719;PF13181;PF13414;PF13432,Blic_amylase_decoy,F2_fail
MGYP001819882353,84.83,9,907,2.85e-07,,Blic_amylase_decoy,F1_fail
MGYP001826459098,90.68,4,411,1e-06,PF00128,Blic_amylase_decoy,F2_fail
MGYP001828836301,72.05,6,307,1.81e-33,,Blic_amylase_decoy,F2_not_evaluable
MGYP001943318961,70.64,10,660,9.78e-09,PF00128;PF00686,Blic_amylase_decoy,F2_fail
MGYP001953124826,65.87,3,283,6.06e-48,,Blic_amylase_decoy,F2_not_evaluable
MGYP002033332125,68.21,2,3025,4.87e-15,,Blic_amylase_decoy,F1_fail
MGYP002039695149,72.51,2,419,7.23e-13,PF00128,Blic_amylase_decoy,F2_fail
MGYP002055527478,85.04,11,268,6.25e-17,PF00062,Gal_lysozyme_decoy,F2_fail
MGYP002063796194,83.03,0,261,8.67e-15,PF01174;PF01523,Blic_amylase_decoy,F2_fail
MGYP002066781836,66.98,1,169,2.98e-36,,Blic_amylase_decoy,F1_fail
MGYP002136160060,83.8,4,361,3.14e-89,PF00128;PF00551,Blic_amylase_decoy,F2_fail
MGYP002136971106,83.53,5,860,4.46e-07,PF00128,Blic_amylase_decoy,F2_fail
MGYP002137218315,72.24,1,219,7.58e-44,PF00128,Blic_amylase_decoy,F2_fail
MGYP002147426210,68.81,58,1947,3.75e-22,,Blic_amylase_decoy,F1_fail
MGYP002148466797,116.76,0,244,1.01e-11,PF01169,Blic_amylase_decoy,F2_fail
MGYP002192135401,93.33,2,207,5.64e-12,PF08918;PF09154,Blic_amylase_decoy,F2_fail
MGYP002224306689,90.87,2,218,1.33e-22,,Blic_amylase_decoy,F2_not_evaluable
MGYP002225573119,76.12,7,611,2.57e-96,PF00128;PF00465;PF25137,Blic_amylase_decoy,F2_fail
MGYP002229814272,104.59,0,222,7.58e-46,PF00128,Blic_amylase_decoy,F2_fail
MGYP002234214855,69.72,10,218,1.08e-17,,Blic_amylase_decoy,F2_not_evaluable
MGYP002234299476,67.32,1,71,1.23e-13,,Blic_amylase_decoy,F1_fail
MGYP002240472607,61.21,4,247,1.95e-52,PF00128,Blic_amylase_decoy,F2_fail
MGYP002241045846,94.24,0,92,1.61e-06,,Blic_amylase_decoy,F1_fail
MGYP002249334817,90.65,1,185,1.63e-20,,Blic_amylase_decoy,F2_not_evaluable
MGYP002269891783,75.47,5,521,2.64e-56,PF02368;PF26182,Blic_amylase_decoy,F2_fail
MGYP002270200694,84.35,2,216,1.07e-34,PF00128,Blic_amylase_decoy,F2_fail
MGYP002324165653,74.45,5,420,1.2e-63,PF00128,Blic_amylase_decoy,F2_fail
MGYP002345358616,76.61,4,1347,8.99e-24,,Blic_amylase_decoy,F1_fail
MGYP002377513560,71.07,7,959,2.4e-08,,Blic_amylase_decoy,F1_fail
MGYP002377780400,73.51,4,747,3.32e-06,PF00128,Blic_amylase_decoy,F2_fail
MGYP002380752186,81.25,3,313,3.76e-36,PF00457,Tre_XYN1_decoy,F2_fail
MGYP002393248412,84.52,3,210,1.93e-12,PF00128,Blic_amylase_decoy,F2_fail
MGYP002400734964,81.83,3,169,7.23e-10,,Tre_XYN1_decoy,F1_fail
MGYP002403938971,76.91,3,298,8.93e-16,PF00457,Tre_XYN1_decoy,F2_fail
MGYP002403941456,76.9,2,303,3.77e-12,PF00457,Tre_XYN1_decoy,F2_fail
MGYP002408939528,71.23,3,619,3.27e-178,PF00128;PF02324;PF09154;PF13840,Blic_amylase_decoy,F2_fail
MGYP002415658443,79.48,6,793,3.05e-08,PF00128;PF09087;PF17757,Blic_amylase_decoy,F2_fail
MGYP002439583609,66.31,3,659,4.37e-151,PF00128;PF02324,Blic_amylase_decoy,F2_fail
MGYP002442340032,78.0,1,195,4.32e-17,PF00583;PF13508,Blic_amylase_decoy,F2_fail
MGYP002446471645,82.27,2,128,6.55e-19,,Blic_amylase_decoy,F1_fail
MGYP002460744140,58.8,8,275,4.99e-24,PF00457,Tre_XYN1_decoy,F2_fail
MGYP002477664282,83.88,14,676,3.74e-77,,Blic_amylase_decoy,F2_not_evaluable
MGYP002477768160,73.93,0,173,2.15e-22,,Tre_XYN1_decoy,F1_fail
MGYP002508162338,91.25,2,128,1.36e-06,,Blic_amylase_decoy,F1_fail
MGYP002508303772,77.53,3,377,1.44e-43,PF09154,Blic_amylase_decoy,F2_fail
MGYP002508429987,86.94,4,833,3.37e-06,PF00128;PF10438,Blic_amylase_decoy,F2_fail
MGYP002508741748,81.97,3,157,3.17e-25,,Blic_amylase_decoy,F1_fail
MGYP002509053883,70.86,5,187,1.28e-20,PF09154,Blic_amylase_decoy,F2_fail
MGYP002509278722,84.39,2,171,1.65e-31,,Blic_amylase_decoy,F1_fail
MGYP002509301631,72.82,3,110,4.4e-06,,Blic_amylase_decoy,F1_fail
MGYP002509353434,70.74,1,95,2.85e-08,,Blic_amylase_decoy,F1_fail
MGYP002509805402,71.54,14,3268,3.5e-06,,Blic_amylase_decoy,F1_fail
MGYP002511747943,74.86,1,405,1.1e-16,PF00457;PF02463;PF13304;PF13476,Tre_XYN1_decoy,F2_fail
MGYP002512580236,66.22,19,912,7.79e-11,,Blic_amylase_decoy,F1_fail
MGYP002513337275,62.5,16,484,1.67e-10,PF00128,Blic_amylase_decoy,F2_fail
MGYP002513433647,66.0,7,804,4.27e-198,PF00128;PF02324;PF03423;PF09154,Blic_amylase_decoy,F2_fail
MGYP002513657135,79.25,5,375,1.03e-12,PF18952,Blic_amylase_decoy,F2_fail
MGYP002513865071,76.79,2,193,8.31e-08,PF03332;PF08282;PF09154,Blic_amylase_decoy,F2_fail
MGYP002514129207,95.21,1,167,1.56e-08,,Blic_amylase_decoy,F1_fail
MGYP002514161146,73.2,0,172,7.71e-27,,Blic_amylase_decoy,F1_fail
MGYP002514857840,74.24,5,635,4.45e-156,PF00128;PF02324;PF09154,Blic_amylase_decoy,F2_fail
MGYP002514919872,57.13,4,558,2.15e-78,PF03423;PF09154,Blic_amylase_decoy,F2_fail
MGYP002515301775,74.71,2,382,1.72e-52,,Blic_amylase_decoy,F2_not_evaluable
MGYP002515921749,67.61,6,264,1.29e-07,PF17802,Blic_amylase_decoy,F2_fail
MGYP002516665672,72.81,1,556,3.04e-08,PF00128;PF05133;PF10438,Blic_amylase_decoy,F2_fail
MGYP002517042887,75.97,1,176,2.62e-17,,Blic_amylase_decoy,F1_fail
MGYP002517839601,76.26,4,243,2.23e-27,PF12698,Blic_amylase_decoy,F2_fail
MGYP002519073235,89.07,3,162,5.5e-33,,Blic_amylase_decoy,F1_fail
MGYP002519109740,69.75,2,239,3.19e-25,PF03235,Blic_amylase_decoy,F2_fail
MGYP002519427535,61.76,0,68,5.23e-08,,Blic_amylase_decoy,F1_fail
MGYP002519436210,93.93,5,257,2.26e-32,PF00128;PF05690,Blic_amylase_decoy,F2_fail
MGYP002520114982,90.33,3,122,2.86e-25,,Blic_amylase_decoy,F1_fail
MGYP002520205436,88.49,2,205,1.97e-06,PF07486,Blic_amylase_decoy,F2_fail
MGYP002520394782,108.33,0,126,1.05e-08,,Blic_amylase_decoy,F1_fail
MGYP002520409332,111.18,2,263,1.36e-21,PF00953;PF02324,Blic_amylase_decoy,F2_fail
MGYP002520417093,79.42,7,258,1.22e-42,PF00128,Blic_amylase_decoy,F2_fail
MGYP002521500517,82.38,10,982,2.22e-11,,Blic_amylase_decoy,F1_fail
MGYP002525701637,72.42,2,438,1.08e-82,PF00128;PF03446;PF14833,Blic_amylase_decoy,F2_fail
MGYP002525885006,88.38,5,364,1.02e-17,PF00457;PF14779,Tre_XYN1_decoy,F2_fail
MGYP002528407304,79.02,1,205,2.25e-26,,Blic_amylase_decoy,F2_not_evaluable
MGYP002528436603,83.8,2,179,1.43e-17,,Blic_amylase_decoy,F1_fail
MGYP002528452597,72.97,1,175,1.1e-13,,Tre_XYN1_decoy,F1_fail
MGYP002535425796,87.91,1,235,2.28e-23,PF09154,Blic_amylase_decoy,F2_fail
MGYP002537987206,86.62,3,260,3.72e-59,,Blic_amylase_decoy,F2_not_evaluable
MGYP002539261464,77.4,2,262,4.3e-48,PF00128,Blic_amylase_decoy,F2_fail
MGYP002543720457,75.97,8,616,1.84e-82,PF00128;PF03837,Blic_amylase_decoy,F2_fail
MGYP002552080448,75.3,2,396,3.69e-83,PF00128;PF13306,Blic_amylase_decoy,F2_fail
MGYP002553199547,68.1,10,753,9.78e-120,PF00128;PF00271;PF04851,Blic_amylase_decoy,F2_fail
MGYP002555428740,73.29,2,435,1.69e-47,,Blic_amylase_decoy,F2_not_evaluable
MGYP002555844050,70.98,3,379,5.87e-80,PF00128;PF00533;PF12738;PF12826,Blic_amylase_decoy,F2_fail
MGYP002556411533,60.66,4,243,2.56e-41,,Blic_amylase_decoy,F2_not_evaluable
MGYP002563709515,82.72,6,713,2.5e-97,PF00128;PF01367;PF02739;PF09154,Blic_amylase_decoy,F2_fail
MGYP002569795331,77.51,7,394,1.01e-63,PF00128;PF00702;PF13419,Blic_amylase_decoy,F2_fail
MGYP002571927689,83.52,4,534,7.95e-06,PF00128;PF01966,Blic_amylase_decoy,F2_fail
MGYP002572882020,87.64,1,157,8.26e-11,,Blic_amylase_decoy,F1_fail
MGYP002577294901,96.31,3,214,1.74e-08,,Blic_amylase_decoy,F2_not_evaluable
MGYP002582562062,70.84,5,395,1.79e-100,PF00085;PF00128,Blic_amylase_decoy,F2_fail
MGYP002583180427,77.7,2,187,7.7e-22,PF00128;PF02324;PF03167,Blic_amylase_decoy,F2_fail
MGYP002587768678,82.24,9,508,2.19e-63,PF00384,Blic_amylase_decoy,F2_fail
MGYP002587792616,90.23,1,222,6.57e-39,PF00128;PF02324,Blic_amylase_decoy,F2_fail
MGYP002590802318,83.25,5,520,1.31e-104,PF00005;PF00128;PF13304,Blic_amylase_decoy,F2_fail
MGYP002597000510,84.97,5,580,2.54e-135,PF00128;PF00588;PF09154;PF22435,Blic_amylase_decoy,F2_fail
MGYP002603182960,74.84,3,159,2.51e-10,,Blic_amylase_decoy,F1_fail
MGYP002614100056,78.45,2,97,1.32e-06,,Blic_amylase_decoy,F1_fail
MGYP002619571836,60.0,0,587,1.74e-71,PF00128;PF09154,Blic_amylase_decoy,F2_fail
MGYP002622179275,71.98,3,450,1.42e-85,PF00128,Blic_amylase_decoy,F2_fail
MGYP002622506745,61.9,12,610,1.26e-06,PF00128,Blic_amylase_decoy,F2_fail
MGYP002623095926,70.59,12,1185,1.97e-09,,Blic_amylase_decoy,F1_fail
MGYP002623829724,74.18,2,213,1.98e-18,PF00128,Blic_amylase_decoy,F2_fail
MGYP002623873021,85.29,4,750,3.13e-17,PF00457,Tre_XYN1_decoy,F2_fail
MGYP002624751676,67.24,98,4819,3.71e-07,,Blic_amylase_decoy,F1_fail
MGYP002624753346,53.94,5,622,1.27e-45,PF00457,Tre_XYN1_decoy,F2_fail
MGYP002626549532,86.37,11,843,2.34e-17,PF00457;PF02405;PF03422;PF03629,Tre_XYN1_decoy,F2_fail
MGYP002626816792,75.1,2,96,1.66e-09,,Blic_amylase_decoy,F1_fail
MGYP002626971695,80.68,2,528,8.54e-61,PF00128;PF02321,Blic_amylase_decoy,F2_fail
MGYP002627198966,85.11,4,425,4.65e-62,PF09154;PF17774,Blic_amylase_decoy,F2_fail
MGYP002627381602,83.02,4,325,1.58e-43,PF00749;PF03950;PF09154,Blic_amylase_decoy,F2_fail
MGYP002628267781,75.26,7,652,2.47e-06,PF00128,Blic_amylase_decoy,F2_fail
MGYP002631442318,80.82,9,1299,2.11e-08,,Blic_amylase_decoy,F1_fail
MGYP002636287918,43.53,3,153,1.91e-10,,Blic_amylase_decoy,F1_fail
MGYP002639560970,76.29,2,1120,6.25e-06,,Blic_amylase_decoy,F1_fail
MGYP002641595083,67.1,26,466,4.34e-17,PF00062;PF08212;PF18896,Gal_lysozyme_decoy,F2_fail
MGYP002642901819,64.11,13,1081,4.5e-13,,Blic_amylase_decoy,F1_fail
MGYP002645501908,90.88,0,147,2.67e-13,,Blic_amylase_decoy,F1_fail
MGYP002648600511,92.84,2,243,1.34e-19,PF01425,Blic_amylase_decoy,F2_fail
MGYP002650089263,74.97,11,1073,5.49e-12,,Blic_amylase_decoy,F1_fail
MGYP002651991547,75.3,5,394,6.23e-31,PF00128,Blic_amylase_decoy,F2_fail
MGYP002653145964,68.25,1,154,2.37e-16,,Blic_amylase_decoy,F1_fail
MGYP002653859549,83.61,7,418,4.43e-18,PF01039,Blic_amylase_decoy,F2_fail
MGYP002653867401,89.15,4,272,3.39e-06,,Blic_amylase_decoy,F2_not_evaluable
MGYP002681820868,78.17,5,781,1.68e-06,PF00128;PF13184;PF26594,Blic_amylase_decoy,F2_fail
MGYP002682859218,65.04,4,129,1.09e-17,,Blic_amylase_decoy,F1_fail
MGYP002683339221,84.88,2,244,1.61e-18,PF02801,Blic_amylase_decoy,F2_fail
MGYP002699834383,75.62,3,397,5.96e-101,PF00128,Blic_amylase_decoy,F2_fail
MGYP002711726615,71.65,4,170,3.57e-11,,Blic_amylase_decoy,F1_fail
MGYP002712918855,65.22,1,205,5.43e-21,,Blic_amylase_decoy,F2_not_evaluable
MGYP002714924833,80.41,3,395,2.96e-63,,Blic_amylase_decoy,F2_not_evaluable
MGYP002718065802,76.7,0,197,3.85e-39,PF00457,Tre_XYN1_decoy,F2_fail
MGYP002718474283,64.07,4,1196,2.2e-12,,Blic_amylase_decoy,F1_fail
MGYP002718645541,84.89,2,186,5.92e-15,,Blic_amylase_decoy,F2_not_evaluable
MGYP002718828082,74.82,4,137,1.12e-07,,Blic_amylase_decoy,F1_fail
MGYP002718828088,56.2,6,163,3.94e-13,,Blic_amylase_decoy,F1_fail
MGYP002718831263,79.46,5,184,4.42e-10,,Blic_amylase_decoy,F2_not_evaluable
MGYP002718885189,68.0,3,145,1.89e-08,,Blic_amylase_decoy,F1_fail
MGYP002718973287,91.73,4,185,4.81e-21,,Blic_amylase_decoy,F2_not_evaluable
MGYP002733199369,91.07,7,469,7.47e-11,PF07670,Blic_amylase_decoy,F2_fail
MGYP002733347117,84.38,5,112,2.16e-11,,Blic_amylase_decoy,F1_fail
MGYP002738702372,72.79,8,1380,1.06e-11,,Blic_amylase_decoy,F1_fail
MGYP002738908505,87.46,1,193,3.33e-12,,Blic_amylase_decoy,F2_not_evaluable
MGYP002740517740,77.72,1,79,1.31e-09,,Blic_amylase_decoy,F1_fail
MGYP002744531423,76.88,9,461,6.64e-77,PF00128;PF02324,Blic_amylase_decoy,F2_fail
MGYP002745504274,95.86,2,174,2.4e-08,,Gal_lysozyme_decoy,F1_fail
MGYP002746979022,91.58,4,133,2.47e-23,,Blic_amylase_decoy,F1_fail
MGYP002747086871,86.16,7,833,1.75e-118,PF00271;PF09154,Blic_amylase_decoy,F2_fail
MGYP002750239703,94.2,3,295,5.45e-47,,Blic_amylase_decoy,F2_not_evaluable
MGYP002756798776,84.18,8,182,2.09e-06,PF00062,Gal_lysozyme_decoy,F2_fail
MGYP002759741300,61.97,12,1011,1.09e-29,,Blic_amylase_decoy,F1_fail
MGYP002779643445,82.82,2,577,6.26e-07,PF18962,Blic_amylase_decoy,F2_fail
MGYP002780074868,80.99,0,223,2.18e-12,PF00128,Blic_amylase_decoy,F2_fail
MGYP002795084514,80.31,1,260,1.27e-16,PF00128;PF14292,Blic_amylase_decoy,F2_fail
MGYP002799709185,64.26,3,108,1.03e-20,,Blic_amylase_decoy,F1_fail
MGYP002803953115,77.49,29,1442,2.19e-10,,Blic_amylase_decoy,F1_fail
MGYP002857836758,64.84,9,644,8.42e-23,PF00457;PF02018;PF03288,Tre_XYN1_decoy,F2_fail
MGYP002859053029,76.95,8,501,3.79e-78,PF00128;PF02878,Blic_amylase_decoy,F2_fail
MGYP002862810433,91.73,4,283,6.61e-25,PF00175,Blic_amylase_decoy,F2_fail
MGYP002865118768,93.94,6,249,3.99e-08,PF06071,Blic_amylase_decoy,F2_fail
MGYP002868517094,86.08,0,171,2.07e-08,,Blic_amylase_decoy,F1_fail
MGYP002869444692,83.61,2,379,9.33e-41,PF01139,Blic_amylase_decoy,F2_fail
MGYP002870026600,80.12,6,332,4.06e-60,PF00128;PF00133;PF09334,Blic_amylase_decoy,F2_fail
MGYP002884395682,93.23,0,303,1.32e-07,PF00128,Blic_amylase_decoy,F2_fail
MGYP002926288097,70.92,13,271,1.82e-33,,Blic_amylase_decoy,F2_not_evaluable
MGYP002949196511,91.59,0,233,2.37e-09,,Blic_amylase_decoy,F2_not_evaluable
MGYP002957514672,88.33,0,276,5.48e-30,PF00561;PF12146;PF12697,Blic_amylase_decoy,F2_fail
MGYP002961427333,82.53,7,221,2.68e-12,PF00206,Blic_amylase_decoy,F2_fail
MGYP002964935437,81.2,9,718,1.83e-161,PF00128;PF02324;PF09154,Blic_amylase_decoy,F2_fail
MGYP002965845442,66.01,3,198,3.69e-32,,Blic_amylase_decoy,F2_not_evaluable
MGYP003004097670,63.15,1,108,9.26e-30,,Blic_amylase_decoy,F1_fail
MGYP003004351049,66.8,1,175,2.21e-21,,Blic_amylase_decoy,F1_fail
MGYP003013083992,77.72,11,703,2.91e-09,PF00128,Blic_amylase_decoy,F2_fail
MGYP003015606425,79.11,8,415,1.89e-43,PF00128;PF02324,Blic_amylase_decoy,F2_fail
MGYP003030942155,70.0,1,53,1.96e-11,,Blic_amylase_decoy,F1_fail
MGYP003053095905,81.27,6,772,1.68e-09,PF00128;PF09087;PF28559,Blic_amylase_decoy,F2_fail
MGYP003058209163,81.71,12,986,4.32e-162,,Blic_amylase_decoy,F1_fail
MGYP003058638925,68.5,4,320,1.37e-39,PF00128;PF02836,Blic_amylase_decoy,F2_fail
MGYP003064001177,97.22,3,306,3.82e-36,PF02310;PF02607,Blic_amylase_decoy,F2_fail
MGYP003094346259,88.98,11,1043,9.03e-10,,Blic_amylase_decoy,F1_fail
MGYP003095280824,61.83,2,71,2.21e-08,,Blic_amylase_decoy,F1_fail
MGYP003102893731,76.77,8,319,8e-23,,Blic_amylase_decoy,F2_not_evaluable
MGYP003234607600,82.26,4,248,6.11e-15,,Blic_amylase_decoy,F2_not_evaluable
MGYP003250346991,69.01,44,1170,3.04e-12,,Blic_amylase_decoy,F1_fail
MGYP003250361636,74.35,15,876,4.53e-40,PF00817,Blic_amylase_decoy,F2_fail
MGYP003250365066,84.69,29,1053,1.62e-19,,Blic_amylase_decoy,F1_fail
MGYP003250369669,86.88,31,1050,2.69e-70,,Blic_amylase_decoy,F1_fail
MGYP003250477266,76.81,28,1003,4.34e-11,,Blic_amylase_decoy,F1_fail
MGYP003250501953,65.83,36,1263,8.9e-37,,Blic_amylase_decoy,F1_fail
MGYP003250572960,76.23,9,876,4.76e-22,PF09154;PF11799,Blic_amylase_decoy,F2_fail
MGYP003250656104,70.05,22,878,1.3e-35,PF09154;PF11799,Blic_amylase_decoy,F2_fail
MGYP003250687015,90.38,28,1099,4.93e-27,,Blic_amylase_decoy,F1_fail
MGYP003250730504,69.76,13,497,6.6e-09,,Blic_amylase_decoy,F2_not_evaluable
MGYP003251087155,67.0,23,1355,5.87e-08,,Blic_amylase_decoy,F1_fail
MGYP003288536698,57.12,10,1096,5.35e-28,,Tre_XYN1_decoy,F1_fail
MGYP003288664543,60.49,20,898,1.23e-11,PF00128;PF18962,Blic_amylase_decoy,F2_fail
MGYP003289401338,76.01,4,168,9.86e-28,,Blic_amylase_decoy,F1_fail
MGYP003290622807,84.45,5,905,8.21e-63,,Blic_amylase_decoy,F1_fail
MGYP003290712267,78.54,1,322,1.91e-07,PF00128,Blic_amylase_decoy,F2_fail
MGYP003291125609,76.44,3,584,1.21e-10,PF00128;PF00582,Blic_amylase_decoy,F2_fail
MGYP003291808533,59.63,2,540,2.09e-25,PF00457;PF03422;PF18099,Tre_XYN1_decoy,F2_fail
MGYP003292019049,72.85,4,186,9.45e-26,,Blic_amylase_decoy,F2_not_evaluable
MGYP003292545220,57.16,11,1196,4.75e-19,,Tre_XYN1_decoy,F1_fail
MGYP003292713267,83.47,3,357,1.9e-12,PF09154,Blic_amylase_decoy,F2_fail
MGYP003293148796,84.76,1,412,2.89e-06,PF00457;PF11987,Tre_XYN1_decoy,F2_fail
MGYP003294687393,96.52,3,491,3.83e-34,PF03235,Blic_amylase_decoy,F2_fail
MGYP003294690008,70.93,14,594,6.68e-09,PF00128;PF00686,Blic_amylase_decoy,F2_fail
MGYP003294944684,75.51,3,98,4.68e-07,,Blic_amylase_decoy,F1_fail
MGYP003295657741,77.76,14,921,7.67e-10,,Blic_amylase_decoy,F1_fail
MGYP003296210977,54.95,4,483,6.34e-51,PF03423;PF09154;PF16738,Blic_amylase_decoy,F2_fail
MGYP003298985557,87.94,4,277,4.04e-62,,Blic_amylase_decoy,F2_not_evaluable
MGYP003299887653,89.59,0,49,5.98e-08,,Blic_amylase_decoy,F1_fail
MGYP003299992794,74.47,2,237,3.34e-50,PF00128,Blic_amylase_decoy,F2_fail
MGYP003300002081,74.37,9,1079,3.22e-54,,Blic_amylase_decoy,F1_fail
MGYP003300818579,107.48,2,206,4.86e-06,,Blic_amylase_decoy,F2_not_evaluable
MGYP003301023580,73.96,15,680,2.42e-07,PF00404;PF00457,Tre_XYN1_decoy,F2_fail
MGYP003301673602,58.29,21,1292,1.38e-18,,Tre_XYN1_decoy,F1_fail
MGYP003303907969,77.69,1,108,6.43e-06,,Blic_amylase_decoy,F1_fail
MGYP003305561016,80.72,3,208,4.07e-12,PF09154,Blic_amylase_decoy,F2_fail
MGYP003305943661,68.84,11,580,2.43e-09,PF00128;PF11959,Blic_amylase_decoy,F2_fail
MGYP003308465350,53.87,19,819,4.49e-15,PF00128,Blic_amylase_decoy,F2_fail
MGYP003308733883,64.04,18,2373,1.26e-12,,Blic_amylase_decoy,F1_fail
MGYP003314777964,53.43,8,502,6.55e-24,PF00457;PF03422,Tre_XYN1_decoy,F2_fail
MGYP003315003525,78.48,12,625,2.87e-26,PF00457;PF18962,Tre_XYN1_decoy,F2_fail
MGYP003319528829,86.14,2,241,1.49e-19,,Blic_amylase_decoy,F2_not_evaluable
MGYP003322252798,89.4,9,216,6.39e-32,PF01058,Blic_amylase_decoy,F2_fail
MGYP003328711635,88.47,5,563,2.82e-06,PF01653;PF03120;PF07821,Blic_amylase_decoy,F2_fail
MGYP003332962986,72.46,3,187,2.72e-09,,Blic_amylase_decoy,F2_not_evaluable
MGYP003336512371,91.5,4,160,7.89e-09,,Blic_amylase_decoy,F1_fail
MGYP003341858218,79.62,4,338,1.76e-35,PF06470,Blic_amylase_decoy,F2_fail
MGYP003342604346,100.99,2,312,1.23e-09,PF12890,Blic_amylase_decoy,F2_fail
MGYP003342754684,93.17,0,202,5.21e-07,PF00457,Tre_XYN1_decoy,F2_fail
MGYP003347967997,48.23,9,186,7.23e-16,PF00062;PF01464;PF18896,Gal_lysozyme_decoy,F2_fail
MGYP003351553646,96.98,1,205,2.7e-23,PF00128,Blic_amylase_decoy,F2_fail
MGYP003353784625,58.15,4,173,9.47e-18,,Blic_amylase_decoy,F1_fail
MGYP003357537823,85.03,8,642,4.9e-115,PF00128;PF01071;PF02324,Blic_amylase_decoy,F2_fail
MGYP003362096728,69.25,11,496,7.43e-75,PF00128,Blic_amylase_decoy,F2_fail
MGYP003362419204,96.17,1,392,2.01e-42,,Blic_amylase_decoy,F2_not_evaluable
MGYP003362645678,90.68,4,411,6.05e-60,PF04413,Blic_amylase_decoy,F2_fail
MGYP003380422753,64.73,109,6076,2.47e-08,,Blic_amylase_decoy,F1_fail
MGYP003380734069,86.26,57,3133,1.16e-106,,Blic_amylase_decoy,F1_fail
MGYP003380952167,86.43,8,470,7.61e-17,,Blic_amylase_decoy,F2_not_evaluable
MGYP003381016453,85.25,23,718,8.43e-12,PF04542;PF12645,Blic_amylase_decoy,F2_fail
MGYP003381137040,61.37,20,496,2.95e-43,,Blic_amylase_decoy,F2_not_evaluable
MGYP003381138228,74.86,15,629,2.87e-66,PF01371;PF09154,Blic_amylase_decoy,F2_fail
MGYP003381149209,74.07,11,616,4.21e-09,PF00128;PF10438,Blic_amylase_decoy,F2_fail
MGYP003381175834,71.04,17,835,1.65e-149,PF00128;PF09154,Blic_amylase_decoy,F2_fail
MGYP003381259704,86.0,18,792,1.38e-90,PF00128,Blic_amylase_decoy,F2_fail
MGYP003381346760,94.99,14,481,6.15e-15,,Blic_amylase_decoy,F2_not_evaluable
MGYP003381351728,73.83,20,801,4.79e-30,PF09154,Blic_amylase_decoy,F2_fail
MGYP003381460410,72.69,5,620,1.67e-162,PF00128,Blic_amylase_decoy,F2_fail
MGYP003383822251,65.43,20,495,1.11e-66,PF00128,Blic_amylase_decoy,F2_fail
MGYP003383845405,81.03,12,468,6.19e-52,,Blic_amylase_decoy,F2_not_evaluable
MGYP003383861341,75.13,25,1249,1.5e-16,,Blic_amylase_decoy,F1_fail
MGYP003383863632,67.44,29,774,6.65e-22,,Blic_amylase_decoy,F2_not_evaluable
MGYP003383890335,65.97,15,647,1.66e-86,,Blic_amylase_decoy,F2_not_evaluable
MGYP003383964599,75.0,16,1058,1.18e-74,,Blic_amylase_decoy,F1_fail
MGYP003384023235,66.2,23,795,4e-161,PF00128;PF09154,Blic_amylase_decoy,F2_fail
MGYP003384046069,87.87,11,507,1.27e-30,,Blic_amylase_decoy,F2_not_evaluable
MGYP003384156950,74.66,107,2668,1.34e-36,,Blic_amylase_decoy,F1_fail
MGYP003384234617,95.54,21,832,3.48e-17,PF05971,Blic_amylase_decoy,F2_fail
MGYP003384244677,80.99,14,496,3.22e-08,,Blic_amylase_decoy,F2_not_evaluable
MGYP003384264524,76.53,14,536,4.45e-24,,Blic_amylase_decoy,F2_not_evaluable
MGYP003384290786,67.46,16,413,2.91e-42,PF09154,Blic_amylase_decoy,F2_fail
MGYP003384495558,92.59,3,483,4.13e-28,,Blic_amylase_decoy,F2_not_evaluable
MGYP003384500318,65.01,13,559,1.57e-27,,Blic_amylase_decoy,F2_not_evaluable
MGYP003384507369,52.63,34,1522,3.67e-19,,Blic_amylase_decoy,F1_fail
MGYP003384521872,77.84,45,1675,8.05e-51,,Blic_amylase_decoy,F1_fail
MGYP003384583510,69.28,18,978,8.29e-09,,Blic_amylase_decoy,F1_fail
MGYP003384720849,77.55,17,465,2.52e-82,,Blic_amylase_decoy,F2_not_evaluable
MGYP003384791832,76.67,43,1593,1.09e-07,,Blic_amylase_decoy,F1_fail
MGYP003384822649,71.51,34,881,3.39e-46,PF00128,Blic_amylase_decoy,F2_fail
MGYP003384865723,64.53,17,461,1.15e-07,,Blic_amylase_decoy,F2_not_evaluable
MGYP003385011604,51.03,32,1060,1.55e-89,,Blic_amylase_decoy,F1_fail
MGYP003385046936,85.32,25,1674,1.95e-98,,Blic_amylase_decoy,F1_fail
MGYP003385148597,78.35,22,831,9.78e-87,PF00128;PF05971,Blic_amylase_decoy,F2_fail
MGYP003385230363,75.24,29,859,6.84e-122,PF03006,Blic_amylase_decoy,F2_fail
MGYP003385244977,76.02,16,487,2.45e-26,PF09154,Blic_amylase_decoy,F2_fail
MGYP003385505708,68.88,38,1228,1.75e-32,,Blic_amylase_decoy,F1_fail
MGYP003385523812,46.11,21,1123,5.01e-18,,Blic_amylase_decoy,F1_fail
MGYP003385589323,72.17,6,489,2.49e-37,,Blic_amylase_decoy,F2_not_evaluable
MGYP003385673829,69.69,13,714,1.79e-09,,Blic_amylase_decoy,F2_not_evaluable
MGYP003385685302,65.72,12,683,3.3e-12,PF00128,Blic_amylase_decoy,F2_fail
MGYP003385903781,72.15,31,783,7.58e-72,PF00128,Blic_amylase_decoy,F2_fail
MGYP003385920958,68.47,12,484,1.92e-15,PF09154,Blic_amylase_decoy,F2_fail
MGYP003386091856,69.12,12,725,2.77e-47,PF09154,Blic_amylase_decoy,F2_fail
MGYP003388435489,86.47,0,184,2.3e-27,PF00128,Blic_amylase_decoy,F2_fail
MGYP003396200177,73.35,1,194,1.15e-22,PF27117,Blic_amylase_decoy,F2_fail
MGYP003397947935,87.25,4,211,5.66e-13,,Blic_amylase_decoy,F2_not_evaluable
MGYP003403458268,72.94,10,1336,1.42e-12,,Blic_amylase_decoy,F1_fail
MGYP003403889244,94.72,4,265,8.45e-07,PF08241;PF08242;PF13489;PF13649;PF13847,Blic_amylase_decoy,F2_fail
MGYP003406607751,72.73,12,304,1.74e-06,PF00062,Gal_lysozyme_decoy,F2_fail
MGYP003410789572,56.73,1,110,9.9e-09,,Blic_amylase_decoy,F1_fail
MGYP003419332005,51.83,4,224,1.8e-06,PF00457,Tre_XYN1_decoy,F2_fail
MGYP003419763452,96.87,4,147,7.93e-06,,Gal_lysozyme_decoy,F1_fail
MGYP003421489530,87.88,2,293,6.53e-35,PF00128,Blic_amylase_decoy,F2_fail
MGYP003424048736,76.22,2,238,5.78e-30,PF13384,Blic_amylase_decoy,F2_fail
MGYP003429346500,69.59,0,97,1.3e-09,,Blic_amylase_decoy,F1_fail
MGYP003431259636,61.59,2,258,7.85e-27,PF00457,Tre_XYN1_decoy,F2_fail
MGYP003431605108,65.31,1,209,2.19e-25,,Blic_amylase_decoy,F2_not_evaluable
MGYP003439583420,77.02,4,124,1.7e-07,,Blic_amylase_decoy,F1_fail
MGYP003445255410,83.38,2,219,1.09e-10,PF01522,Blic_amylase_decoy,F2_fail
MGYP003453866886,72.41,2,170,2.38e-16,,Blic_amylase_decoy,F1_fail
MGYP003453889503,58.43,1,191,6.94e-06,,Blic_amylase_decoy,F2_not_evaluable
MGYP003454692379,73.47,13,219,2.54e-07,PF00062,Gal_lysozyme_decoy,F2_fail
MGYP003455527938,81.83,0,169,2.05e-12,,Blic_amylase_decoy,F1_fail
MGYP003459965767,68.75,2,136,3.59e-18,,Blic_amylase_decoy,F1_fail
MGYP003471170567,66.55,9,284,8.96e-08,PF00062,Gal_lysozyme_decoy,F2_fail
MGYP003478650922,76.9,1,142,3.72e-09,,Blic_amylase_decoy,F1_fail
MGYP003482671910,59.77,1,305,2.8e-11,PF00457;PF01522;PF03422,Tre_XYN1_decoy,F2_fail
MGYP003483835723,70.11,6,285,1.09e-09,PF00457,Tre_XYN1_decoy,F2_fail
MGYP003492220216,68.02,5,202,1.24e-28,PF09154,Blic_amylase_decoy,F2_fail
MGYP003496435273,90.43,1,138,2.19e-12,,Blic_amylase_decoy,F1_fail
MGYP003497120697,80.45,1,224,1.34e-41,PF00128,Blic_amylase_decoy,F2_fail
MGYP003503778802,79.07,0,323,2.01e-33,,Blic_amylase_decoy,F2_not_evaluable
MGYP003506153344,91.01,8,695,8.36e-08,PF00128;PF26350,Blic_amylase_decoy,F2_fail
MGYP003507500518,55.58,2,86,2.41e-09,,Blic_amylase_decoy,F1_fail
MGYP003528188734,86.14,0,145,3.21e-11,,Blic_amylase_decoy,F1_fail
MGYP003533038215,123.47,4,199,1.43e-08,,Blic_amylase_decoy,F2_not_evaluable
MGYP003536969184,74.37,12,1019,2.75e-11,,Blic_amylase_decoy,F1_fail
MGYP003547755347,75.6,4,407,5.58e-08,PF00404;PF00457,Tre_XYN1_decoy,F2_fail
MGYP003548269031,88.07,0,166,9.67e-20,,Blic_amylase_decoy,F1_fail
MGYP003551108237,82.86,0,206,3.39e-18,PF02388,Blic_amylase_decoy,F2_fail
MGYP003551451811,82.98,1,114,2.04e-20,,Blic_amylase_decoy,F1_fail
MGYP003553275135,60.79,5,178,8.55e-17,,Tre_XYN1_decoy,F1_fail
MGYP003560330155,91.96,1,143,8.51e-15,,Blic_amylase_decoy,F1_fail
MGYP003561666832,86.34,13,787,5.34e-55,PF00128;PF02324,Blic_amylase_decoy,F2_fail
MGYP003563663431,84.95,0,186,5.62e-09,,Blic_amylase_decoy,F2_not_evaluable
MGYP003575671518,60.94,19,937,5.77e-26,,Tre_XYN1_decoy,F1_fail
MGYP003577424113,102.88,3,340,9.82e-07,PF08264,Blic_amylase_decoy,F2_fail
MGYP003578822294,60.15,1,203,2.63e-08,PF00457,Tre_XYN1_decoy,F2_fail
MGYP003580217568,56.97,0,178,1.65e-12,,Tre_XYN1_decoy,F1_fail
MGYP003581958144,46.39,3,166,5.55e-24,,Blic_amylase_decoy,F1_fail
MGYP003586100144,68.88,5,734,1.33e-06,PF00128;PF16657,Blic_amylase_decoy,F2_fail
MGYP003586586500,76.36,6,1114,9.16e-28,,Blic_amylase_decoy,F1_fail
MGYP003589042080,67.55,17,616,2.08e-15,PF00128;PF18962,Blic_amylase_decoy,F2_fail
MGYP003592479207,83.14,2,188,6.43e-11,PF19288,Blic_amylase_decoy,F2_fail
MGYP003592560030,80.47,1,320,4.47e-07,,Blic_amylase_decoy,F2_not_evaluable
MGYP003593616538,80.23,2,175,6.37e-32,,Blic_amylase_decoy,F1_fail
MGYP003598291085,88.37,1,190,1.9e-08,,Blic_amylase_decoy,F2_not_evaluable
MGYP003602880857,68.22,9,1774,3.13e-14,,Blic_amylase_decoy,F1_fail
MGYP003603001622,80.68,4,409,8.48e-08,PF02661,Blic_amylase_decoy,F2_fail
MGYP003607904429,82.49,3,618,4.52e-07,PF00128;PF00686,Blic_amylase_decoy,F2_fail
MGYP003609272318,81.53,2,202,7.64e-15,PF00128,Blic_amylase_decoy,F2_fail
MGYP003610928621,85.87,1,206,2.12e-06,PF00128,Blic_amylase_decoy,F2_fail
MGYP003614857567,60.1,1,104,1.41e-14,,Blic_amylase_decoy,F1_fail
MGYP003617182220,75.52,1,203,9.39e-13,,Blic_amylase_decoy,F2_not_evaluable
MGYP003623645391,76.39,1,83,4.32e-16,,Blic_amylase_decoy,F1_fail
MGYP003623903376,70.34,2,208,6.01e-46,PF00128,Blic_amylase_decoy,F2_fail
MGYP003624141135,72.64,3,246,9.84e-26,PF00457,Tre_XYN1_decoy,F2_fail
MGYP003635149954,64.42,3,197,2.37e-21,,Blic_amylase_decoy,F2_not_evaluable
MGYP003662565426,56.26,3,227,1.74e-35,PF00457,Tre_XYN1_decoy,F2_fail
MGYP003693891649,80.89,6,403,8.18e-24,PF22725,Blic_amylase_decoy,F2_fail
MGYP003694399913,73.57,1,224,1.07e-21,,Blic_amylase_decoy,F2_not_evaluable
MGYP003704563141,77.62,3,294,2.16e-41,PF00128,Blic_amylase_decoy,F2_fail
MGYP003740449883,67.71,0,1043,6.73e-34,,Blic_amylase_decoy,F1_fail
MGYP003745692613,72.98,6,1178,1.05e-58,,Blic_amylase_decoy,F1_fail
MGYP003754287651,66.3,14,893,1.19e-11,PF00457;PF01522;PF18962;PF22633,Tre_XYN1_decoy,F2_fail
MGYP003760084155,57.16,9,574,9.27e-30,PF00457;PF16841;PF18962,Tre_XYN1_decoy,F2_fail
MGYP003769882677,73.29,0,161,4.68e-16,,Tre_XYN1_decoy,F1_fail
MGYP003804959967,71.26,9,247,8.57e-07,PF01464,Gal_lysozyme_decoy,F2_fail
MGYP003805536251,68.11,6,285,3.8e-60,PF00128,Blic_amylase_decoy,F2_fail
MGYP003807053353,78.18,0,121,1.84e-12,,Tre_XYN1_decoy,F1_fail
MGYP003844739293,96.38,1,260,2.34e-13,PF00128;PF01041,Blic_amylase_decoy,F2_fail
MGYP003873705363,75.69,3,174,8.56e-26,,Blic_amylase_decoy,F1_fail
MGYP003937149209,79.85,10,853,3.99e-29,PF00457;PF06452;PF17957;PF18962;PF19081,Tre_XYN1_decoy,F2_fail
MGYP003945169683,50.9,4,255,8.54e-13,PF00457,Tre_XYN1_decoy,F2_fail
MGYP004419177917,78.51,3,174,3.45e-24,,Blic_amylase_decoy,F1_fail
MGYP004421711105,92.65,1,223,1.4e-16,PF00128,Blic_amylase_decoy,F2_fail
MGYP004447176639,64.43,28,1117,3.98e-10,,Tre_XYN1_decoy,F1_fail
MGYP004448550781,61.22,23,1300,2.22e-15,,Tre_XYN1_decoy,F1_fail
MGYP004467802753,71.85,2,168,1.46e-23,,Blic_amylase_decoy,F1_fail
MGYP004507843213,78.52,2,236,4.33e-27,PF00128,Blic_amylase_decoy,F2_fail
MGYP004522349199,94.89,4,262,6.43e-06,PF07302,Blic_amylase_decoy,F2_fail
MGYP004533845747,86.56,1,160,7.42e-39,,Blic_amylase_decoy,F1_fail
MGYP004544011175,79.38,17,990,1.32e-11,,Blic_amylase_decoy,F1_fail
MGYP004602933973,76.96,8,599,3.08e-125,PF00128,Blic_amylase_decoy,F2_fail
MGYP004617170661,81.03,6,184,2.23e-30,PF09154,Blic_amylase_decoy,F2_fail
MGYP004648152603,87.65,4,162,8.61e-28,,Blic_amylase_decoy,F1_fail
MGYP004685568657,82.54,3,209,4.47e-16,PF00128;PF20548,Blic_amylase_decoy,F2_fail
MGYP004685964215,113.71,2,205,1.94e-31,,Blic_amylase_decoy,F2_not_evaluable
MGYP004711563771,80.82,4,233,1e-24,PF00128,Blic_amylase_decoy,F2_fail
MGYP005764188737,74.91,4,391,2.53e-24,PF00588;PF08032,Blic_amylase_decoy,F2_fail
MGYP005787375169,87.45,2,212,1.39e-16,,Blic_amylase_decoy,F2_not_evaluable
MGYP005820461725,71.1,1,237,1.81e-06,PF00457,Tre_XYN1_decoy,F2_fail
MGYP005837401363,76.27,7,467,7.51e-10,PF00128,Blic_amylase_decoy,F2_fail
MGYP005838519143,74.44,20,1014,4.39e-21,,Blic_amylase_decoy,F1_fail
MGYP005840637323,81.89,1,1493,2.88e-10,,Blic_amylase_decoy,F1_fail
MGYP005854925567,88.91,7,689,5.1e-07,,Blic_amylase_decoy,F2_not_evaluable
MGYP005856291427,61.42,7,176,1.39e-09,,Blic_amylase_decoy,F1_fail
MGYP005861051775,65.71,0,70,5.91e-09,,Blic_amylase_decoy,F1_fail
MGYP005869348401,70.29,0,207,3.41e-37,PF00128,Blic_amylase_decoy,F2_fail
MGYP005906274591,78.79,10,478,2.91e-65,,Blic_amylase_decoy,F2_not_evaluable
MGYP005910392093,77.92,10,708,1.69e-10,PF00128,Blic_amylase_decoy,F2_fail
MGYP005910697949,74.04,5,270,1.8e-35,PF02767;PF02768,Blic_amylase_decoy,F2_fail
MGYP005938482171,64.56,8,461,1.02e-67,PF02278;PF09154,Blic_amylase_decoy,F2_fail
MGYP005948736431,97.92,6,423,1e-61,PF02806,Blic_amylase_decoy,F2_fail
MGYP005952672019,87.04,3,213,1.1e-20,PF02310,Blic_amylase_decoy,F2_fail
MGYP005988839595,58.92,0,83,2.12e-07,,Blic_amylase_decoy,F1_fail
MGYP006079790713,55.71,13,217,1.38e-14,PF00062;PF18896,Gal_lysozyme_decoy,F2_fail
MGYP006083442905,79.51,14,1043,2.27e-06,,Blic_amylase_decoy,F1_fail
MGYP006087121383,84.26,8,155,3.13e-06,,Gal_lysozyme_decoy,F1_fail
MGYP006142368969,85.04,2,266,4.2e-23,PF03466,Blic_amylase_decoy,F2_fail
MGYP006157950701,71.3,6,331,4.54e-09,,Blic_amylase_decoy,F2_not_evaluable
MGYP006162765231,83.02,2,235,2.11e-15,PF01432,Blic_amylase_decoy,F2_fail
MGYP006167307863,82.79,3,276,8.55e-29,PF00563;PF00990,Blic_amylase_decoy,F2_fail
MGYP006169501045,92.78,3,471,1.2e-44,PF00990;PF09154;PF21118,Blic_amylase_decoy,F2_fail
MGYP006171899065,59.91,3,230,1.05e-19,PF00457;PF02515,Tre_XYN1_decoy,F2_fail
MGYP006172436983,73.4,4,733,3.77e-14,,Blic_amylase_decoy,F2_not_evaluable
MGYP006194845257,84.83,1,238,2.85e-09,,Blic_amylase_decoy,F2_not_evaluable
MGYP006199207765,71.2,3,349,1.27e-60,PF00133;PF09334,Blic_amylase_decoy,F2_fail
MGYP006199456123,87.62,1,168,8.29e-19,,Blic_amylase_decoy,F1_fail
MGYP006199468277,72.05,6,546,6.04e-08,PF03968;PF08450;PF09081,Blic_amylase_decoy,F2_fail
MGYP006200028667,63.59,3,468,8.2e-11,PF00457;PF02595;PF11721,Tre_XYN1_decoy,F2_fail
MGYP006200359883,78.48,1,138,6.47e-07,,Blic_amylase_decoy,F1_fail
MGYP006203539649,63.08,3,328,1.21e-09,PF00457,Tre_XYN1_decoy,F2_fail
MGYP006208204451,82.24,1,228,5.19e-28,PF00128,Blic_amylase_decoy,F2_fail
MGYP006266722731,69.43,6,902,1.19e-27,,Blic_amylase_decoy,F1_fail
MGYP006269286291,79.41,36,2450,5.02e-28,,Blic_amylase_decoy,F1_fail
MGYP006275151927,64.82,4,1224,8.43e-29,,Blic_amylase_decoy,F1_fail
MGYP006283015057,67.24,8,380,6.3e-20,PF00128,Blic_amylase_decoy,F2_fail
MGYP006298978749,72.77,0,166,1.88e-07,,Blic_amylase_decoy,F1_fail
MGYP006321888657,75.72,0,215,1.96e-07,,Blic_amylase_decoy,F2_not_evaluable
MGYP006332954287,67.29,6,181,2e-17,PF09154,Blic_amylase_decoy,F2_fail
MGYP006334216863,71.22,2,237,2.97e-12,PF00457,Tre_XYN1_decoy,F2_fail
MGYP006342333017,98.52,0,169,2.73e-14,,Blic_amylase_decoy,F1_fail
MGYP006348091935,88.18,0,209,1.41e-26,,Blic_amylase_decoy,F2_not_evaluable
MGYP006355292311,108.15,1,168,2.74e-09,,Blic_amylase_decoy,F1_fail
MGYP006393062353,55.2,3,173,4.04e-17,,Blic_amylase_decoy,F1_fail
MGYP006432646423,54.9,15,194,4.09e-07,PF00062;PF18896,Gal_lysozyme_decoy,F2_fail
MGYP006432714275,65.85,7,467,8.29e-22,PF00457,Tre_XYN1_decoy,F2_fail
MGYP006992126007,82.52,0,313,8.04e-17,PF17757,Blic_amylase_decoy,F2_fail
MGYP007005499290,50.0,1,41,8.45e-07,,Blic_amylase_decoy,F1_fail
MGYP007144635540,89.2,5,187,7.37e-17,,Blic_amylase_decoy,F2_not_evaluable
MGYP007146929688,86.82,0,513,7.76e-09,PF00128,Blic_amylase_decoy,F2_fail
MGYP007151000161,69.75,3,204,5.91e-19,PF00128,Blic_amylase_decoy,F2_fail
MGYP007154955036,68.22,6,897,2.73e-32,PF09154;PF18962,Blic_amylase_decoy,F2_fail
MGYP007166380807,61.03,16,691,8.3e-27,PF00457;PF01522;PF02013;PF16841,Tre_XYN1_decoy,F2_fail
MGYP007167788846,61.72,2,87,7.74e-16,,Blic_amylase_decoy,F1_fail
MGYP007174373033,82.38,6,710,1.34e-171,PF00128,Blic_amylase_decoy,F2_fail
MGYP007180194994,80.56,13,178,2.01e-06,,Gal_lysozyme_decoy,F1_fail
MGYP007185479706,80.56,7,644,8.69e-163,PF00128;PF09154,Blic_amylase_decoy,F2_fail
MGYP007190227922,61.36,7,286,6.36e-08,PF00457,Tre_XYN1_decoy,F2_fail
MGYP007229750720,87.14,11,224,1.25e-14,PF00062,Gal_lysozyme_decoy,F2_fail
MGYP007235694198,82.22,1,189,7.64e-13,PF05235,Blic_amylase_decoy,F2_fail
MGYP007239280631,80.64,2,157,1.16e-22,,Blic_amylase_decoy,F1_fail
MGYP007239558262,61.95,2,266,6.75e-06,PF00457,Tre_XYN1_decoy,F2_fail
MGYP007248234543,73.21,8,888,5.53e-77,PF00128;PF09154,Blic_amylase_decoy,F2_fail
MGYP007248696943,60.34,3,89,3.68e-25,,Blic_amylase_decoy,F1_fail
MGYP007249126780,67.95,2,171,1.02e-08,,Tre_XYN1_decoy,F1_fail
MGYP007256390000,95.28,2,180,2.44e-31,,Blic_amylase_decoy,F2_not_evaluable
MGYP007294249860,64.58,1,83,1.8e-08,,Blic_amylase_decoy,F1_fail
MGYP007306282690,75.62,5,137,1.15e-07,,Gal_lysozyme_decoy,F1_fail
MGYP007307742626,84.62,3,145,1.52e-06,,Tre_XYN1_decoy,F1_fail
MGYP007311627755,66.54,0,1623,1.64e-10,,Blic_amylase_decoy,F1_fail
MGYP007346705338,77.39,1,272,8.36e-64,PF00128,Blic_amylase_decoy,F2_fail
MGYP007347565443,85.38,1,184,3.21e-16,PF05400,Blic_amylase_decoy,F2_fail
MGYP007356214040,68.95,3,143,9.7e-06,,Blic_amylase_decoy,F1_fail
MGYP007367542755,75.19,13,543,6.93e-11,PF07821,Blic_amylase_decoy,F2_fail
MGYP007370773320,69.03,6,154,4.13e-07,,Gal_lysozyme_decoy,F1_fail
MGYP007376205581,78.88,6,366,2.36e-28,PF00457;PF18962,Tre_XYN1_decoy,F2_fail
MGYP007382301764,73.96,3,1038,1.41e-07,,Blic_amylase_decoy,F1_fail
MGYP007393291561,74.59,15,482,1.19e-58,PF09154,Blic_amylase_decoy,F2_fail
MGYP007399976697,61.29,24,341,1.01e-13,PF00062,Gal_lysozyme_decoy,F2_fail
MGYP007400171476,80.24,7,418,4.14e-10,PF09154,Blic_amylase_decoy,F2_fail
MGYP007407994976,79.43,0,141,1.94e-18,,Blic_amylase_decoy,F1_fail
MGYP007415254600,68.75,6,359,9.14e-23,PF00457,Tre_XYN1_decoy,F2_fail
MGYP007421642768,85.73,4,281,7.55e-61,PF09154,Blic_amylase_decoy,F2_fail
MGYP007424733304,55.63,7,151,2.06e-08,,Gal_lysozyme_decoy,F1_fail
MGYP007427681691,61.48,4,216,3.5e-18,PF00457,Tre_XYN1_decoy,F2_fail
MGYP007431323849,71.01,3,268,4.61e-23,,Blic_amylase_decoy,F2_not_evaluable
MGYP007439791376,71.04,25,1466,3.5e-09,,Blic_amylase_decoy,F1_fail
MGYP007442709143,48.43,13,268,6.97e-13,PF00457,Tre_XYN1_decoy,F2_fail
MGYP007447884248,58.9,9,309,4.21e-12,PF00062,Gal_lysozyme_decoy,F2_fail
MGYP007455337379,81.15,8,407,4.48e-24,,Blic_amylase_decoy,F2_not_evaluable
MGYP007456945648,94.88,5,789,2.28e-165,PF00128;PF03631,Blic_amylase_decoy,F2_fail
MGYP007467060076,69.19,7,444,1.84e-14,PF00128,Blic_amylase_decoy,F2_fail
MGYP007482951412,84.93,8,1065,3.53e-30,,Tre_XYN1_decoy,F1_fail
MGYP007488348159,110.29,0,69,2.69e-12,,Blic_amylase_decoy,F1_fail
MGYP007508009311,79.84,3,126,1.62e-06,,Blic_amylase_decoy,F1_fail
MGYP007526801547,81.5,2,220,1.02e-35,,Blic_amylase_decoy,F2_not_evaluable
MGYP007528319287,81.4,0,193,2.48e-24,PF02324,Blic_amylase_decoy,F2_fail
MGYP007534756221,70.88,0,114,4.78e-13,,Blic_amylase_decoy,F1_fail
MGYP007536476000,70.55,12,750,1.46e-29,PF00457;PF00553;PF00652;PF01522;PF09478;PF14200,Tre_XYN1_decoy,F2_fail
MGYP007539544897,81.26,3,239,2.17e-16,PF00457,Tre_XYN1_decoy,F2_fail
MGYP007542058324,69.94,2,539,6.86e-18,PF09154;PF18962,Blic_amylase_decoy,F2_fail
MGYP007556843072,73.09,0,307,5.93e-61,PF00128,Blic_amylase_decoy,F2_fail
MGYP007558256462,70.37,3,218,1.47e-15,PF20756,Blic_amylase_decoy,F2_fail
MGYP007559938819,59.78,0,137,6.17e-24,,Blic_amylase_decoy,F1_fail
MGYP007561830449,77.66,7,1280,1.91e-29,,Blic_amylase_decoy,F1_fail
MGYP007566836487,94.33,35,1589,4.49e-22,,Tre_XYN1_decoy,F1_fail
MGYP007585448226,66.92,2,247,4.2e-20,PF00128;PF02518,Blic_amylase_decoy,F2_fail
MGYP007594490136,62.97,2,138,5.5e-11,,Blic_amylase_decoy,F1_fail
MGYP007609793819,87.74,0,195,1.74e-27,PF00128,Blic_amylase_decoy,F2_fail
MGYP007612789126,66.78,3,276,7.01e-07,PF00457,Tre_XYN1_decoy,F2_fail
MGYP007620122957,62.99,1,201,2.08e-25,PF00457,Tre_XYN1_decoy,F2_fail
MGYP007644244213,79.11,10,158,2.22e-07,,Gal_lysozyme_decoy,F1_fail
MGYP007648450465,67.37,11,830,6.83e-15,PF00128,Blic_amylase_decoy,F2_fail
MGYP007650486127,109.58,8,353,5e-17,,Blic_amylase_decoy,F2_not_evaluable
MGYP007668502009,63.84,2,159,1.01e-29,,Blic_amylase_decoy,F1_fail
MGYP007668569749,108.65,5,245,2.71e-26,,Blic_amylase_decoy,F2_not_evaluable
MGYP007701736813,69.96,7,1075,6e-06,,Blic_amylase_decoy,F1_fail
MGYP007714267222,64.06,2,335,2.67e-55,PF00128,Blic_amylase_decoy,F2_fail
MGYP007717523038,100.8,2,212,6.5e-34,,Blic_amylase_decoy,F2_not_evaluable
MGYP007730255107,72.26,9,217,1.99e-11,PF00062,Gal_lysozyme_decoy,F2_fail
MGYP007732487456,46.23,30,440,1.21e-11,PF00062;PF18896,Gal_lysozyme_decoy,F2_fail
MGYP007746798482,67.38,7,256,4.58e-20,PF00457,Tre_XYN1_decoy,F2_fail
MGYP007748178112,73.18,8,773,1.02e-06,PF00128;PF00165;PF12833,Blic_amylase_decoy,F2_fail
MGYP007752116999,70.35,6,1259,4.19e-07,,Blic_amylase_decoy,F1_fail
MGYP007753631030,57.95,2,185,7.16e-32,PF00457,Tre_XYN1_decoy,F2_fail
MGYP007758152040,72.14,6,196,2.62e-23,,Blic_amylase_decoy,F2_not_evaluable
MGYP007768340233,112.01,2,134,3.17e-09,,Blic_amylase_decoy,F1_fail
MGYP007772137231,82.48,2,137,1.04e-11,,Tre_XYN1_decoy,F1_fail
MGYP007780332599,74.31,13,1530,2.71e-16,,Blic_amylase_decoy,F1_fail
MGYP007781585043,89.93,0,142,5.64e-27,,Blic_amylase_decoy,F1_fail
MGYP007783129652,81.05,2,190,3.88e-36,,Blic_amylase_decoy,F2_not_evaluable
MGYP007798329308,56.57,25,1037,1.24e-13,,Blic_amylase_decoy,F1_fail
MGYP007798887682,70.68,2,716,3.77e-164,PF00128;PF02324,Blic_amylase_decoy,F2_fail
MGYP007804731921,69.22,4,334,5.51e-60,,Blic_amylase_decoy,F2_not_evaluable
MGYP007816822403,58.37,7,270,1.43e-25,,Blic_amylase_decoy,F2_not_evaluable
MGYP007818212638,84.29,1,184,1.63e-15,,Blic_amylase_decoy,F2_not_evaluable
MGYP007819913129,63.0,14,830,4.13e-79,PF00128;PF00403,Blic_amylase_decoy,F2_fail
MGYP007828159887,84.59,0,745,6.6e-08,PF00128,Blic_amylase_decoy,F2_fail
MGYP007830247912,88.47,12,300,8.68e-13,PF00062,Gal_lysozyme_decoy,F2_fail
MGYP007869332502,81.99,1,277,1.37e-47,PF00128,Blic_amylase_decoy,F2_fail
MGYP007871716773,94.46,0,157,7.21e-21,,Blic_amylase_decoy,F1_fail
MGYP007872906182,92.62,3,779,3.38e-59,PF09154;PF20155,Blic_amylase_decoy,F2_fail
MGYP007881587438,61.19,7,812,2.41e-38,PF00404;PF00457;PF02018,Tre_XYN1_decoy,F2_fail
MGYP007919721105,75.74,5,768,1.03e-08,PF00128;PF02922;PF10438,Blic_amylase_decoy,F2_fail
MGYP007929983964,55.32,7,391,5.17e-31,PF00457;PF00553,Tre_XYN1_decoy,F2_fail
MGYP007937810546,67.86,7,704,3.5e-12,PF00128,Blic_amylase_decoy,F2_fail
MGYP007944046147,82.15,20,2214,9.27e-06,,Blic_amylase_decoy,F1_fail
MGYP007945682311,68.48,0,138,6.96e-16,,Tre_XYN1_decoy,F1_fail
MGYP007950170187,72.83,8,690,2.04e-140,PF00128;PF16355;PF18565,Blic_amylase_decoy,F2_fail
MGYP007967362986,88.03,3,132,4.6e-06,,Blic_amylase_decoy,F1_fail
MGYP007978872944,91.3,7,386,1.14e-08,PF00128;PF00528,Blic_amylase_decoy,F2_fail
MGYP007984475211,66.0,1,65,2.4e-12,,Blic_amylase_decoy,F1_fail
MGYP007986257218,71.2,1,192,1.77e-22,PF00128,Blic_amylase_decoy,F2_fail
MGYP007990100192,73.94,6,1245,9.42e-11,,Blic_amylase_decoy,F1_fail
MGYP007998329738,87.63,9,257,9.62e-07,,Blic_amylase_decoy,F2_not_evaluable
MGYP008007448122,76.14,4,373,6.87e-87,PF00128;PF02324,Blic_amylase_decoy,F2_fail
MGYP008011045744,78.51,3,168,1.31e-32,,Blic_amylase_decoy,F1_fail
MGYP008015017555,80.99,9,242,1.43e-07,PF00062;PF18896,Gal_lysozyme_decoy,F2_fail
MGYP008019071175,79.43,0,140,2.59e-10,,Blic_amylase_decoy,F1_fail
MGYP008027918247,67.99,3,333,1.27e-32,PF05067,Blic_amylase_decoy,F2_fail
MGYP008046130113,97.41,10,695,1.33e-07,PF00457;PF03422,Tre_XYN1_decoy,F2_fail
MGYP008054448792,73.62,1,326,3.26e-80,PF00128;PF00905;PF02324,Blic_amylase_decoy,F2_fail
MGYP008059787321,76.63,1,196,2.49e-37,,Blic_amylase_decoy,F2_not_evaluable
MGYP008068977319,86.97,14,373,6.94e-18,PF00062,Gal_lysozyme_decoy,F2_fail
MGYP008070082716,75.27,11,110,2e-14,,Gal_lysozyme_decoy,F1_fail
MGYP008070476586,85.83,2,168,7.61e-21,,Blic_amylase_decoy,F1_fail
MGYP008074296999,93.8,1,187,3.35e-37,PF00128,Blic_amylase_decoy,F2_fail
MGYP008074670264,85.17,2,143,2.25e-20,,Blic_amylase_decoy,F1_fail
MGYP008086019723,80.5,3,240,7.48e-25,PF00128,Blic_amylase_decoy,F2_fail
MGYP008096040794,72.99,2,154,1.32e-23,,Blic_amylase_decoy,F1_fail
MGYP008100773318,70.74,28,2236,9.8e-27,,Blic_amylase_decoy,F1_fail
MGYP008116274589,62.43,7,333,1.67e-06,,Blic_amylase_decoy,F2_not_evaluable
MGYP008116936522,67.33,14,1445,1.43e-27,,Tre_XYN1_decoy,F1_fail
MGYP008118125444,79.18,19,937,2.65e-06,,Blic_amylase_decoy,F1_fail
MGYP008118963026,65.2,9,271,3.99e-21,PF00128,Blic_amylase_decoy,F2_fail
MGYP008123986795,91.12,5,134,6.95e-06,,Blic_amylase_decoy,F1_fail
MGYP008129400598,67.38,23,600,4.68e-31,PF00457;PF03422,Tre_XYN1_decoy,F2_fail
MGYP008144827693,74.75,9,569,5.72e-07,PF00128;PF07821,Blic_amylase_decoy,F2_fail
MGYP008145327276,98.17,18,1183,1.57e-06,,Blic_amylase_decoy,F1_fail
MGYP008153295642,79.13,4,745,4.1e-145,PF00128;PF06897;PF09154,Blic_amylase_decoy,F2_fail
MGYP008162381140,57.91,0,86,1.27e-15,,Blic_amylase_decoy,F1_fail
MGYP008172782535,81.79,2,329,2.05e-75,PF00128;PF02324;PF02767,Blic_amylase_decoy,F2_fail
MGYP008175819569,80.42,0,189,5.47e-18,,Blic_amylase_decoy,F2_not_evaluable
MGYP008185826923,73.48,5,256,1.92e-18,PF00457;PF01796,Tre_XYN1_decoy,F2_fail
MGYP008186490392,61.91,2,257,2.33e-08,PF00457,Tre_XYN1_decoy,F2_fail
MGYP008192059906,68.66,3,209,5.15e-16,,Blic_amylase_decoy,F2_not_evaluable
MGYP008197320766,53.07,1,114,2.15e-07,,Blic_amylase_decoy,F1_fail
MGYP008200456886,79.89,2,277,3.24e-10,PF00970,Blic_amylase_decoy,F2_fail
MGYP008211618403,89.22,1,270,7.53e-22,PF12320,Blic_amylase_decoy,F2_fail
MGYP008214669926,78.31,11,284,6.71e-21,,Blic_amylase_decoy,F2_not_evaluable
MGYP008216672962,75.51,9,1761,2.56e-09,,Blic_amylase_decoy,F1_fail
MGYP008218200590,73.43,7,2923,7.95e-13,,Blic_amylase_decoy,F1_fail
MGYP008232229251,57.43,4,265,2.14e-07,,Blic_amylase_decoy,F2_not_evaluable
MGYP008241297946,76.03,6,340,1.82e-55,PF00128;PF05991,Blic_amylase_decoy,F2_fail
MGYP008242432268,60.0,4,510,5.7e-31,PF00128;PF09154,Blic_amylase_decoy,F2_fail
MGYP008246666126,87.18,1,209,4.55e-26,PF03309,Blic_amylase_decoy,F2_fail
MGYP008247678375,67.63,4,241,2.63e-55,PF00248,Blic_amylase_decoy,F2_fail
MGYP008260232110,83.09,2,188,5.46e-11,,Blic_amylase_decoy,F2_not_evaluable
MGYP008260871809,68.91,19,1289,2.45e-11,,Blic_amylase_decoy,F1_fail
MGYP008263494059,59.28,1,375,2.41e-86,PF00128,Blic_amylase_decoy,F2_fail
MGYP008264921287,76.43,0,185,3.67e-21,,Blic_amylase_decoy,F2_not_evaluable
MGYP008276371063,62.97,1,118,1.54e-21,,Blic_amylase_decoy,F1_fail
MGYP008292341415,77.74,2,133,4.98e-24,,Blic_amylase_decoy,F1_fail
MGYP008296677862,66.91,9,337,1.05e-10,PF00457,Tre_XYN1_decoy,F2_fail
MGYP008299607874,78.39,1,193,4.23e-34,PF00128,Blic_amylase_decoy,F2_fail
MGYP008302015970,96.25,4,766,7.89e-146,PF00128;PF00892,Blic_amylase_decoy,F2_fail
MGYP008312267962,88.4,6,213,2.69e-07,,Blic_amylase_decoy,F2_not_evaluable
MGYP008327454831,57.42,10,182,2.47e-19,PF00062;PF18896,Gal_lysozyme_decoy,F2_fail
MGYP008329174742,63.89,3,211,2.11e-51,,Blic_amylase_decoy,F2_not_evaluable
MGYP008345687405,64.61,5,267,5.28e-11,PF00457,Tre_XYN1_decoy,F2_fail
MGYP008347165505,78.5,20,814,4.48e-06,PF00128;PF01408;PF02894;PF03807;PF22725,Blic_amylase_decoy,F2_fail
MGYP008354975420,78.83,4,162,1.37e-21,,Blic_amylase_decoy,F1_fail
MGYP008356180527,67.1,7,214,8.65e-14,,Blic_amylase_decoy,F2_not_evaluable
MGYP008358895946,67.44,15,1166,1.12e-17,,Blic_amylase_decoy,F1_fail
MGYP008359934338,64.34,18,1088,1.47e-10,,Blic_amylase_decoy,F1_fail
MGYP008363192525,81.34,8,157,2.84e-22,,Gal_lysozyme_decoy,F1_fail
MGYP008363734181,72.98,2,761,5.89e-31,PF00128;PF09154,Blic_amylase_decoy,F2_fail
MGYP008365120659,73.47,5,449,2.62e-06,PF00128;PF13290,Blic_amylase_decoy,F2_fail
MGYP008365541552,85.19,3,189,2.29e-38,PF00128,Blic_amylase_decoy,F2_fail
MGYP008367545809,64.12,5,507,6.9e-17,PF00128,Blic_amylase_decoy,F2_fail
MGYP008368950152,73.67,1,90,5.9e-10,,Blic_amylase_decoy,F1_fail
MGYP008391112989,69.63,5,273,1.35e-22,PF00457,Tre_XYN1_decoy,F2_fail
MGYP008393317697,70.76,5,719,2.37e-156,PF00128;PF11958,Blic_amylase_decoy,F2_fail
MGYP008412668758,54.52,19,642,4.18e-17,PF00457;PF02013;PF02230;PF10503,Tre_XYN1_decoy,F2_fail
MGYP008415672925,45.51,2,107,1.71e-08,,Tre_XYN1_decoy,F1_fail
MGYP008424411672,79.14,16,859,3.25e-06,PF00128;PF02903,Blic_amylase_decoy,F2_fail
MGYP008430823179,84.76,5,485,2.73e-44,PF00128,Blic_amylase_decoy,F2_fail
MGYP008430841933,70.77,2,196,7.92e-13,PF00128,Blic_amylase_decoy,F2_fail
MGYP008433716126,81.95,1,195,1.35e-35,,Blic_amylase_decoy,F2_not_evaluable
MGYP008434647414,67.55,7,813,2.31e-70,PF00092,Blic_amylase_decoy,F2_fail
MGYP008442619739,96.81,1,166,2.55e-12,,Blic_amylase_decoy,F1_fail
MGYP008447216453,65.9,4,800,8.01e-12,PF18884,Blic_amylase_decoy,F2_fail
MGYP008447288504,82.12,11,198,8.09e-14,PF02540;PF03054;PF09154,Blic_amylase_decoy,F2_fail
MGYP008456302662,79.4,9,515,2.26e-17,PF00457;PF03422;PF18099,Tre_XYN1_decoy,F2_fail
MGYP008462973033,72.33,6,347,2.91e-35,,Blic_amylase_decoy,F2_not_evaluable
MGYP008466597413,67.53,2,182,4.77e-08,PF02324,Blic_amylase_decoy,F2_fail
MGYP008469332933,92.84,2,148,1.74e-16,,Blic_amylase_decoy,F1_fail
MGYP008471861252,70.39,7,1941,1.08e-12,,Blic_amylase_decoy,F1_fail
MGYP008475437724,68.32,5,386,5.05e-07,,Blic_amylase_decoy,F2_not_evaluable
MGYP008488938818,61.92,1,1554,9.19e-14,,Blic_amylase_decoy,F1_fail
MGYP008498346312,74.13,6,622,5.83e-10,PF00404;PF00457,Tre_XYN1_decoy,F2_fail
MGYP008502377761,69.39,7,441,2.04e-54,,Blic_amylase_decoy,F2_not_evaluable
MGYP008505951462,76.47,8,190,5.98e-13,PF00128,Blic_amylase_decoy,F2_fail
MGYP008507071832,87.55,7,976,1.46e-06,,Blic_amylase_decoy,F1_fail
MGYP008507664698,71.73,5,294,2.96e-62,PF00128;PF00490,Blic_amylase_decoy,F2_fail
MGYP008508891050,86.6,11,188,2.42e-15,PF00062,Gal_lysozyme_decoy,F2_fail
MGYP008514649661,96.03,2,179,5.65e-12,,Blic_amylase_decoy,F1_fail
MGYP008516964278,71.94,0,72,4.53e-12,,Blic_amylase_decoy,F1_fail
MGYP008523762145,61.49,15,596,5.29e-20,PF00457,Tre_XYN1_decoy,F2_fail
MGYP008533818241,65.8,4,162,2.14e-29,,Blic_amylase_decoy,F1_fail
MGYP008555282021,84.28,38,1628,1.73e-147,,Blic_amylase_decoy,F1_fail
MGYP008563810778,61.02,0,197,3.51e-36,,Blic_amylase_decoy,F2_not_evaluable
MGYP008571410799,77.31,8,439,6.42e-70,PF00108;PF00109;PF00128,Blic_amylase_decoy,F2_fail
MGYP008571759535,41.18,4,76,1.68e-10,,Gal_lysozyme_decoy,F1_fail
MGYP008572545354,78.06,0,160,3.86e-07,,Blic_amylase_decoy,F1_fail
MGYP008584061296,64.35,1,253,2.65e-34,PF00457,Tre_XYN1_decoy,F2_fail
MGYP008587292629,49.27,0,123,1.82e-12,,Tre_XYN1_decoy,F1_fail
MGYP008597906930,71.21,11,1016,2.09e-13,,Blic_amylase_decoy,F1_fail
MGYP008599910502,75.16,15,891,4.7e-11,PF00404;PF00457;PF00756;PF02018,Tre_XYN1_decoy,F2_fail
MGYP008606713324,53.61,12,1079,7.92e-08,,Blic_amylase_decoy,F1_fail
MGYP008615653248,71.0,9,683,2.25e-153,PF00128;PF02324,Blic_amylase_decoy,F2_fail
MGYP008623296388,86.28,4,129,3.31e-22,,Blic_amylase_decoy,F1_fail
MGYP008648519049,75.64,1,218,1.57e-09,PF13707,Blic_amylase_decoy,F2_fail
MGYP008650529650,68.07,2,2841,1.25e-13,,Blic_amylase_decoy,F1_fail
MGYP008650774146,47.73,1,88,2.78e-12,,Blic_amylase_decoy,F1_fail
MGYP008651226637,82.48,1,129,2.47e-12,,Tre_XYN1_decoy,F1_fail
MGYP008666578774,69.52,6,352,4.63e-53,PF00457,Tre_XYN1_decoy,F2_fail
MGYP008680910218,57.49,6,231,4.56e-42,PF00457;PF00734,Tre_XYN1_decoy,F2_fail
MGYP008695793100,84.39,7,253,8.87e-24,,Blic_amylase_decoy,F2_not_evaluable
MGYP008706778965,63.78,8,929,2.4e-06,,Blic_amylase_decoy,F1_fail
MGYP008728387739,62.89,0,149,4.87e-21,,Blic_amylase_decoy,F1_fail
MGYP008735053627,70.96,1,125,2.48e-17,,Blic_amylase_decoy,F1_fail
MGYP008740572535,74.39,7,139,9.67e-08,,Gal_lysozyme_decoy,F1_fail
MGYP008749681770,75.28,2,913,3.56e-19,,Blic_amylase_decoy,F1_fail
MGYP008756662665,73.51,18,1922,2.19e-77,,Blic_amylase_decoy,F1_fail
MGYP008765501698,59.47,3,133,3.04e-12,,Blic_amylase_decoy,F1_fail
MGYP008768368634,86.03,10,575,1.79e-06,PF00128,Blic_amylase_decoy,F2_fail
MGYP008773929590,89.66,2,238,1.11e-22,PF00254,Blic_amylase_decoy,F2_fail
MGYP008777233159,67.98,3,356,7.78e-08,PF00457,Tre_XYN1_decoy,F2_fail
MGYP008795150231,71.66,15,727,2.88e-146,PF00128;PF09154,Blic_amylase_decoy,F2_fail
MGYP008803716232,80.67,5,581,1.19e-143,PF00128,Blic_amylase_decoy,F2_fail
MGYP008816937035,80.68,10,589,2.83e-37,PF00128;PF09154,Blic_amylase_decoy,F2_fail
MGYP008827811703,60.48,3,250,2.69e-20,PF00457,Tre_XYN1_decoy,F2_fail
MGYP008832738680,83.58,2,134,1.68e-14,,Blic_amylase_decoy,F1_fail
MGYP008844470384,68.94,6,358,2.55e-54,PF00128,Blic_amylase_decoy,F2_fail
MGYP008854570982,93.11,2,244,4.31e-45,PF01520,Blic_amylase_decoy,F2_fail
MGYP008862203230,66.29,7,490,6.58e-14,PF00457;PF18962,Tre_XYN1_decoy,F2_fail
MGYP008876600445,60.77,3,246,2.45e-54,PF00128;PF02324,Blic_amylase_decoy,F2_fail
MGYP008886319787,63.37,8,876,1.06e-16,PF00128;PF07821;PF16738,Blic_amylase_decoy,F2_fail
MGYP008893360854,81.61,10,565,6.97e-99,PF00005;PF00128,Blic_amylase_decoy,F2_fail
MGYP008895569989,75.7,3,186,1.66e-22,PF00702;PF08282,Blic_amylase_decoy,F2_fail
MGYP008902521390,90.75,1,173,6.01e-14,,Blic_amylase_decoy,F1_fail
MGYP008913594240,65.34,22,560,1.96e-55,PF00062,Gal_lysozyme_decoy,F2_fail
MGYP008916899589,68.13,2,706,1.9e-149,PF00128;PF00905;PF09154,Blic_amylase_decoy,F2_fail
MGYP008918500939,101.17,4,163,3.77e-16,,Blic_amylase_decoy,F1_fail
MGYP008932342751,91.57,0,178,2.47e-23,,Blic_amylase_decoy,F1_fail
MGYP008939427232,81.61,11,1081,3.94e-06,,Blic_amylase_decoy,F1_fail
MGYP008963175814,55.08,0,124,4.54e-10,,Blic_amylase_decoy,F1_fail
MGYP008969286253,83.75,3,365,4.57e-16,PF00457;PF13361,Tre_XYN1_decoy,F2_fail
MGYP008993345000,63.88,0,2096,1.12e-07,,Blic_amylase_decoy,F1_fail
MGYP009002384263,77.11,5,273,6.03e-42,,Blic_amylase_decoy,F2_not_evaluable
MGYP009005007586,85.97,3,159,6.35e-24,,Blic_amylase_decoy,F1_fail
MGYP009007678584,89.2,5,289,1.92e-08,PF08849,Blic_amylase_decoy,F2_fail
MGYP009009647369,86.86,4,440,1.41e-90,PF00128,Blic_amylase_decoy,F2_fail
MGYP009017525400,74.03,2,253,1.07e-10,PF00457,Tre_XYN1_decoy,F2_fail
MGYP009018104037,97.42,4,383,1.87e-18,PF01965,Blic_amylase_decoy,F2_fail
MGYP009031606369,86.77,7,127,1.37e-09,,Gal_lysozyme_decoy,F1_fail
MGYP009061289837,71.41,5,220,5.75e-16,PF00128,Blic_amylase_decoy,F2_fail
MGYP009066597742,96.69,5,278,2.27e-19,PF07085,Blic_amylase_decoy,F2_fail
MGYP009068131473,77.32,4,1004,6.63e-12,,Blic_amylase_decoy,F1_fail
MGYP009070498933,74.31,4,547,8.11e-10,PF00457;PF18962,Tre_XYN1_decoy,F2_fail
MGYP009092950892,38.79,9,214,8.01e-08,PF00062,Gal_lysozyme_decoy,F2_fail
MGYP009100841089,70.99,4,162,6.12e-10,,Blic_amylase_decoy,F1_fail
MGYP009105421793,74.23,5,468,3.15e-08,PF00128,Blic_amylase_decoy,F2_fail
MGYP009114579690,81.01,8,188,1.04e-20,PF00062;PF18896,Gal_lysozyme_decoy,F2_fail
MGYP009133599334,70.98,3,1142,5.96e-06,,Blic_amylase_decoy,F1_fail
MGYP009136584948,89.91,3,316,5.63e-44,PF00128;PF13328,Blic_amylase_decoy,F2_fail
MGYP009141970443,72.16,6,670,7.98e-141,PF00128,Blic_amylase_decoy,F2_fail
MGYP009152546906,64.39,3,212,7.59e-49,PF01339,Blic_amylase_decoy,F2_fail
MGYP009153184839,67.16,10,222,8.77e-36,PF00457,Tre_XYN1_decoy,F2_fail
MGYP009167843168,67.42,13,678,1.31e-151,PF00128,Blic_amylase_decoy,F2_fail
MGYP009168734370,64.92,9,547,9.55e-07,PF00404;PF00457,Tre_XYN1_decoy,F2_fail
MGYP009177904332,72.31,3,104,1.73e-22,,Blic_amylase_decoy,F1_fail
MGYP009210356046,65.68,2,308,9.47e-80,PF00128,Blic_amylase_decoy,F2_fail
MGYP009213460069,74.15,1,171,4.01e-29,,Blic_amylase_decoy,F1_fail
MGYP009218124906,68.93,9,754,4.26e-11,PF00397;PF07821;PF23166,Blic_amylase_decoy,F2_fail
MGYP009222266302,76.15,5,829,2.29e-27,,Blic_amylase_decoy,F2_not_evaluable
MGYP009228071368,64.68,3,233,9.62e-43,PF00128;PF02324,Blic_amylase_decoy,F2_fail
MGYP009243371765,59.59,7,411,6.84e-11,PF00457,Tre_XYN1_decoy,F2_fail
MGYP009254218091,77.44,3,258,4.17e-65,PF00128,Blic_amylase_decoy,F2_fail
MGYP009256752420,78.89,1,99,4.94e-08,,Blic_amylase_decoy,F1_fail
MGYP009269792711,91.57,2,197,8.44e-21,PF00497,Blic_amylase_decoy,F2_fail
MGYP009277675922,72.98,3,289,1.02e-17,PF00128,Blic_amylase_decoy,F2_fail
MGYP009283405925,85.95,3,262,9.86e-61,PF00128;PF13177,Blic_amylase_decoy,F2_fail
MGYP009287685343,71.64,15,782,1.35e-93,PF00128;PF09154,Blic_amylase_decoy,F2_fail
MGYP009289274878,108.58,15,676,3.92e-43,PF01895;PF02690,Blic_amylase_decoy,F2_fail
MGYP009299864403,80.0,0,217,2.28e-24,PF00457,Tre_XYN1_decoy,F2_fail
MGYP009306341804,64.47,44,704,2.42e-13,PF00062,Gal_lysozyme_decoy,F2_fail
MGYP009329208884,59.79,71,3041,3.42e-16,,Blic_amylase_decoy,F1_fail
MGYP009333786457,79.09,9,624,9.73e-153,PF00128;PF02811,Blic_amylase_decoy,F2_fail
MGYP009336657313,86.2,7,129,1.62e-07,,Gal_lysozyme_decoy,F1_fail
MGYP009341289014,86.59,5,1446,1.02e-08,,Blic_amylase_decoy,F1_fail
MGYP009390485663,70.9,13,509,9.22e-50,PF00128,Blic_amylase_decoy,F2_fail
MGYP009393375537,69.71,20,862,3.49e-07,PF18962,Blic_amylase_decoy,F2_fail
MGYP009411716366,81.05,5,124,7.81e-20,,Blic_amylase_decoy,F1_fail
MGYP009413692350,76.28,19,234,4.06e-06,PF00062,Gal_lysozyme_decoy,F2_fail
MGYP009421345798,67.97,3,305,3.72e-22,PF00457,Tre_XYN1_decoy,F2_fail
MGYP009424892216,65.51,8,198,1.73e-10,PF00062,Gal_lysozyme_decoy,F2_fail
MGYP009431636763,62.39,6,447,3.75e-66,PF00128,Blic_amylase_decoy,F2_fail
MGYP009441868451,87.43,3,136,2.45e-07,,Blic_amylase_decoy,F1_fail
MGYP009458251640,71.01,2,258,7.41e-29,PF00457,Tre_XYN1_decoy,F2_fail
MGYP009468602663,55.56,5,169,2.38e-07,,Blic_amylase_decoy,F1_fail
MGYP009476241806,75.06,2,231,3.98e-12,PF00128,Blic_amylase_decoy,F2_fail
MGYP009477002543,75.94,11,1186,1.11e-26,,Blic_amylase_decoy,F1_fail
MGYP009480903611,56.68,5,268,1.1e-07,PF00457,Tre_XYN1_decoy,F2_fail
MGYP009498687704,85.93,0,214,9.41e-10,PF00297,Blic_amylase_decoy,F2_fail
MGYP009502423332,99.05,1,137,7.57e-17,,Blic_amylase_decoy,F1_fail
MGYP009503510910,56.86,8,506,2.94e-28,PF00457;PF16841,Tre_XYN1_decoy,F2_fail
MGYP009507780285,74.7,3,251,2.43e-18,PF00128;PF08238,Blic_amylase_decoy,F2_fail
MGYP009509199973,82.39,5,180,8.07e-19,,Blic_amylase_decoy,F2_not_evaluable
MGYP009523685314,64.89,1,182,3.11e-09,,Blic_amylase_decoy,F2_not_evaluable
MGYP009525211314,62.81,2,185,4.28e-06,,Blic_amylase_decoy,F2_not_evaluable
MGYP009542745038,79.56,1,183,5.78e-18,,Blic_amylase_decoy,F2_not_evaluable
MGYP009555684427,64.52,19,826,4.5e-17,PF02518,Blic_amylase_decoy,F2_fail
MGYP009559075987,54.66,4,438,4.01e-35,PF00457,Tre_XYN1_decoy,F2_fail
MGYP009562427088,76.89,2,132,4.26e-09,,Blic_amylase_decoy,F1_fail
MGYP009581137983,83.81,5,244,2.57e-41,PF00044,Blic_amylase_decoy,F2_fail
MGYP009582870309,65.29,4,174,7.87e-35,,Blic_amylase_decoy,F1_fail
MGYP009593644497,66.09,3,488,5.49e-18,PF00457;PF14200;PF18962,Tre_XYN1_decoy,F2_fail
MGYP009613836456,91.94,3,227,4.07e-17,PF03989,Blic_amylase_decoy,F2_fail
MGYP009616886538,60.66,3,167,1.36e-23,,Tre_XYN1_decoy,F1_fail
MGYP009619457981,78.45,4,194,3.84e-31,PF00072,Blic_amylase_decoy,F2_fail
MGYP009621004491,69.75,0,119,7.87e-14,,Blic_amylase_decoy,F1_fail
MGYP009627520612,67.77,2,148,4.37e-30,,Blic_amylase_decoy,F1_fail
MGYP009628215819,98.78,2,213,1.77e-09,,Blic_amylase_decoy,F2_not_evaluable
MGYP009630193629,98.63,5,182,9.73e-19,PF28533,Blic_amylase_decoy,F2_fail
MGYP009637932519,72.33,10,875,1.21e-23,,Blic_amylase_decoy,F2_not_evaluable
MGYP009640889104,87.49,2,263,9.91e-39,PF00128,Blic_amylase_decoy,F2_fail
MGYP009668010834,70.08,6,355,2.24e-22,PF00128,Blic_amylase_decoy,F2_fail
MGYP009688565145,92.28,4,92,3.15e-06,,Gal_lysozyme_decoy,F1_fail
MGYP009689431343,66.06,2,132,1.83e-06,,Blic_amylase_decoy,F1_fail
MGYP009694398728,72.75,28,1194,3.42e-157,,Blic_amylase_decoy,F1_fail
MGYP009696283798,75.38,5,234,2.79e-07,PF00128;PF03160,Blic_amylase_decoy,F2_fail
MGYP009697254639,68.65,2,193,2.88e-36,PF13597,Blic_amylase_decoy,F2_fail
MGYP009714413438,70.76,4,211,1.56e-07,,Blic_amylase_decoy,F2_not_evaluable
MGYP009717611400,86.59,2,179,1.61e-28,,Blic_amylase_decoy,F1_fail
MGYP009723852536,88.46,3,560,1.73e-14,PF00128,Blic_amylase_decoy,F2_fail
MGYP009736867273,95.73,1,110,9.63e-06,,Blic_amylase_decoy,F1_fail
MGYP009756782079,89.09,0,219,3.72e-22,PF00005,Blic_amylase_decoy,F2_fail
MGYP009759973334,61.81,1,243,1.11e-59,PF00128,Blic_amylase_decoy,F2_fail
MGYP009761145702,81.41,2,177,5.59e-40,,Blic_amylase_decoy,F1_fail
MGYP009775121880,82.71,2,247,1.67e-41,PF00128;PF02324,Blic_amylase_decoy,F2_fail
MGYP009792532521,77.59,10,630,1.49e-44,PF00128;PF06177,Blic_amylase_decoy,F2_fail
MGYP009793115359,75.51,3,283,9.85e-16,,Blic_amylase_decoy,F2_not_evaluable
MGYP009794174170,81.86,13,602,9.65e-06,PF00457,Tre_XYN1_decoy,F2_fail
MGYP009849988390,79.31,4,102,5.35e-07,,Gal_lysozyme_decoy,F1_fail
MGYP009857992086,75.36,1,194,7.74e-34,,Blic_amylase_decoy,F2_not_evaluable
MGYP009859759416,85.33,1,90,1.4e-08,,Blic_amylase_decoy,F1_fail
MGYP009867762308,67.66,16,786,5.48e-23,PF00457;PF01095;PF02018,Tre_XYN1_decoy,F2_fail
MGYP009875843444,93.42,6,284,1.66e-41,PF00275,Blic_amylase_decoy,F2_fail
MGYP009879807289,79.47,14,775,4.94e-154,PF00128;PF03883,Blic_amylase_decoy,F2_fail
MGYP009885194409,64.17,18,844,4.21e-23,PF00041;PF00128,Blic_amylase_decoy,F2_fail
MGYP009899220591,82.4,10,705,5.87e-06,PF00128;PF02545,Blic_amylase_decoy,F2_fail
MGYP009921435598,74.62,1,145,2.81e-10,,Blic_amylase_decoy,F1_fail
MGYP009927425261,70.64,2,109,3.96e-25,,Blic_amylase_decoy,F1_fail
MGYP009929895073,85.61,2,1402,2.43e-13,,Blic_amylase_decoy,F1_fail
MGYP009962786707,87.26,1,343,1.71e-56,PF00128,Blic_amylase_decoy,F2_fail
MGYP009964939168,68.08,15,1245,9.52e-22,,Tre_XYN1_decoy,F1_fail
MGYP009978435669,73.01,0,143,1.25e-09,,Blic_amylase_decoy,F1_fail
MGYP009998492563,56.31,0,111,8.92e-25,,Blic_amylase_decoy,F1_fail
MGYP009999269707,73.36,7,1683,3.13e-99,,Blic_amylase_decoy,F1_fail
MGYP010015659244,72.43,5,230,8.62e-42,,Blic_amylase_decoy,F2_not_evaluable
MGYP010022279721,60.74,7,461,2.87e-34,PF00457;PF16841;PF18962,Tre_XYN1_decoy,F2_fail
MGYP010023844220,80.57,9,829,1.27e-10,PF00128;PF00180;PF10438,Blic_amylase_decoy,F2_fail
MGYP010025877858,95.81,7,1424,9.1e-13,,Blic_amylase_decoy,F1_fail
MGYP010026307165,72.17,9,281,6.82e-07,PF00457,Tre_XYN1_decoy,F2_fail
MGYP010037336465,71.93,9,171,9.08e-07,,Gal_lysozyme_decoy,F1_fail
MGYP010038586747,64.5,5,109,1.14e-09,,Gal_lysozyme_decoy,F1_fail
MGYP010045476909,69.11,1,168,3.89e-30,,Blic_amylase_decoy,F1_fail
MGYP010054897143,78.88,6,498,2.85e-20,PF00457;PF00553,Tre_XYN1_decoy,F2_fail
MGYP010068121939,82.6,5,177,5.88e-33,,Blic_amylase_decoy,F1_fail
MGYP010069864520,72.22,44,2151,4.4e-23,,Blic_amylase_decoy,F1_fail
MGYP010077730509,57.75,10,404,8.22e-75,PF09154,Blic_amylase_decoy,F2_fail
MGYP010080406491,80.94,0,254,1.65e-08,PF00457,Tre_XYN1_decoy,F2_fail
MGYP010089760473,69.51,5,2599,8.6e-09,,Blic_amylase_decoy,F1_fail
MGYP010090995486,62.44,6,217,1.13e-21,PF00457,Tre_XYN1_decoy,F2_fail
MGYP010099452779,77.86,2,201,2.37e-24,,Blic_amylase_decoy,F2_not_evaluable
MGYP010119974492,69.28,3,359,6.33e-93,,Blic_amylase_decoy,F2_not_evaluable
MGYP010127359600,70.28,0,179,2.07e-33,,Blic_amylase_decoy,F1_fail
MGYP010129554417,63.48,1,158,1.3e-23,,Tre_XYN1_decoy,F1_fail
MGYP010140401053,69.52,7,351,5.21e-39,,Blic_amylase_decoy,F2_not_evaluable
MGYP010147182415,79.05,3,285,1.32e-66,PF00128;PF02324,Blic_amylase_decoy,F2_fail
MGYP010148847933,79.53,13,762,6.52e-148,PF00128,Blic_amylase_decoy,F2_fail
MGYP010172749790,71.76,2,1820,3.56e-08,,Blic_amylase_decoy,F1_fail
MGYP010178009856,74.51,5,390,7.63e-64,PF00113;PF00128,Blic_amylase_decoy,F2_fail
MGYP010180495193,52.58,1,128,2.82e-32,,Blic_amylase_decoy,F1_fail
MGYP010196262848,54.38,23,434,3.75e-19,PF00457;PF02013,Tre_XYN1_decoy,F2_fail
MGYP010221332311,84.12,8,605,2.06e-25,PF00457;PF11721;PF18962,Tre_XYN1_decoy,F2_fail
MGYP010227418189,86.16,4,172,4.83e-07,,Blic_amylase_decoy,F1_fail
MGYP010232065404,72.28,1,189,2.27e-39,PF00128,Blic_amylase_decoy,F2_fail
MGYP010244112394,81.33,1,90,4.29e-17,,Blic_amylase_decoy,F1_fail
MGYP010252515232,67.52,4,408,1.58e-19,PF00457,Tre_XYN1_decoy,F2_fail
MGYP010258317680,67.64,0,229,1.07e-15,PF09154,Blic_amylase_decoy,F2_fail
MGYP010271193021,65.08,5,295,1.45e-35,PF00457,Tre_XYN1_decoy,F2_fail
MGYP010274082493,75.46,8,899,8.41e-09,PF00128;PF09087,Blic_amylase_decoy,F2_fail
MGYP010280783088,62.13,20,437,1.34e-44,PF00062,Gal_lysozyme_decoy,F2_fail
MGYP010288588282,74.98,14,1450,3.21e-19,,Blic_amylase_decoy,F1_fail
MGYP010288588840,73.59,41,1570,1.97e-19,,Blic_amylase_decoy,F1_fail
MGYP010296004242,48.92,1,74,7.73e-11,,Blic_amylase_decoy,F1_fail
MGYP010305916453,67.14,6,891,5.2e-21,PF20628;PF21105,Blic_amylase_decoy,F2_fail
MGYP010315649334,63.87,1,168,2.58e-29,,Blic_amylase_decoy,F1_fail
MGYP010317783268,79.02,0,215,9.99e-10,PF00330;PF00457,Tre_XYN1_decoy,F2_fail
MGYP010328505102,48.11,11,233,1.91e-24,PF00457;PF00734,Tre_XYN1_decoy,F2_fail
MGYP010344697410,78.07,3,327,3.39e-74,PF00128,Blic_amylase_decoy,F2_fail
MGYP010351001614,88.14,3,210,1.79e-23,PF09154;PF14501,Blic_amylase_decoy,F2_fail
MGYP010352126847,67.79,5,854,5.09e-07,PF00128;PF09260,Blic_amylase_decoy,F2_fail
MGYP010360212313,76.88,4,221,5.02e-17,PF09154,Blic_amylase_decoy,F2_fail
MGYP010361137829,61.63,7,855,2.6e-178,PF00128;PF09154,Blic_amylase_decoy,F2_fail
MGYP010376028721,80.0,0,78,5.67e-06,,Blic_amylase_decoy,F1_fail
MGYP010386388010,76.5,12,409,7.94e-13,PF24308,Blic_amylase_decoy,F2_fail
MGYP010394766380,85.03,18,2051,1.56e-23,,Blic_amylase_decoy,F1_fail
MGYP010395280770,86.05,6,443,7.55e-75,PF00128;PF02324;PF02518;PF13581,Blic_amylase_decoy,F2_fail
MGYP010414409989,65.37,21,2559,1.61e-07,,Blic_amylase_decoy,F1_fail
MGYP010419712017,81.32,6,144,4.92e-07,,Gal_lysozyme_decoy,F1_fail
MGYP010432735472,64.33,4,208,5.69e-18,PF00128,Blic_amylase_decoy,F2_fail
MGYP010444316645,65.92,1,49,1.62e-07,,Blic_amylase_decoy,F1_fail
MGYP010475560664,41.51,6,219,9.52e-16,PF00457,Tre_XYN1_decoy,F2_fail
MGYP010491515324,75.49,6,253,1.7e-11,,Blic_amylase_decoy,F2_not_evaluable
MGYP010496886348,64.14,18,515,2.28e-72,PF09154,Blic_amylase_decoy,F2_fail
MGYP010497034776,43.96,1,202,2.35e-10,PF00457;PF03781,Tre_XYN1_decoy,F2_fail
MGYP010512420505,76.77,2,371,3.57e-63,PF09084;PF13379,Blic_amylase_decoy,F2_fail
MGYP010520867617,88.44,3,205,7.48e-27,PF13242;PF13419,Blic_amylase_decoy,F2_fail
MGYP010524406905,65.51,9,198,2.83e-24,PF00128,Blic_amylase_decoy,F2_fail
MGYP010525368302,71.62,4,191,1.6e-24,PF00128,Blic_amylase_decoy,F2_fail
MGYP010540989209,71.94,8,824,8.18e-55,PF00128;PF01978,Blic_amylase_decoy,F2_fail
MGYP010544973523,74.04,8,723,1.87e-30,PF00404;PF00457;PF22244,Tre_XYN1_decoy,F2_fail
MGYP010551449085,97.02,2,181,1.83e-13,PF13787,Blic_amylase_decoy,F2_fail
MGYP010563390187,81.27,3,150,2.23e-15,,Blic_amylase_decoy,F1_fail
MGYP010574765529,68.63,3,394,7.29e-94,PF00128;PF02324,Blic_amylase_decoy,F2_fail
MGYP010575545790,90.25,2,201,7.78e-20,,Blic_amylase_decoy,F2_not_evaluable
MGYP010586338352,79.42,7,172,9.8e-14,,Gal_lysozyme_decoy,F1_fail
MGYP010597959028,88.12,0,165,1.85e-09,,Blic_amylase_decoy,F1_fail
MGYP010615762994,97.5,8,296,7.86e-06,PF01464,Gal_lysozyme_decoy,F2_fail
MGYP010624872846,70.0,4,255,2.56e-48,PF00072;PF00128,Blic_amylase_decoy,F2_fail
MGYP010632646393,93.52,0,71,3.47e-08,,Blic_amylase_decoy,F1_fail
MGYP010634329965,78.92,2,111,8.03e-13,,Blic_amylase_decoy,F1_fail
MGYP010635756694,86.25,11,869,6.89e-135,PF00128;PF02324,Blic_amylase_decoy,F2_fail
MGYP010636375073,49.06,4,573,4.02e-12,PF00128,Blic_amylase_decoy,F2_fail
MGYP010641029860,72.1,6,233,5.4e-30,PF02132;PF21176,Blic_amylase_decoy,F2_fail
MGYP010693055842,46.7,20,1550,1.17e-14,,Blic_amylase_decoy,F1_fail
MGYP010696626351,81.34,3,253,5.73e-25,,Blic_amylase_decoy,F2_not_evaluable
MGYP010698721174,68.36,8,755,6.4e-08,PF00128,Blic_amylase_decoy,F2_fail
MGYP010705823067,63.51,16,926,2.08e-19,,Blic_amylase_decoy,F1_fail
MGYP010713965895,73.86,3,210,3.03e-14,PF00457,Tre_XYN1_decoy,F2_fail
MGYP010741533606,85.12,3,172,2.58e-23,,Blic_amylase_decoy,F1_fail
MGYP010743049258,111.07,0,150,1.25e-27,,Blic_amylase_decoy,F1_fail
MGYP010744212864,64.8,2,152,7.15e-23,,Blic_amylase_decoy,F1_fail
MGYP010746091060,66.73,2,257,1.03e-39,PF00128,Blic_amylase_decoy,F2_fail
MGYP010757326126,76.76,11,287,3.91e-18,PF00457,Tre_XYN1_decoy,F2_fail
MGYP010776661339,81.76,3,119,3.07e-16,,Blic_amylase_decoy,F1_fail
MGYP010808578523,56.14,11,474,3.78e-09,,Blic_amylase_decoy,F2_not_evaluable
MGYP010811573122,73.67,5,196,3.46e-30,,Blic_amylase_decoy,F2_not_evaluable
MGYP010824924520,76.35,5,271,1.2e-14,PF00128,Blic_amylase_decoy,F2_fail
MGYP010826206635,68.92,3,204,1.98e-06,,Blic_amylase_decoy,F2_not_evaluable
MGYP010838662539,69.81,5,158,1.52e-13,,Blic_amylase_decoy,F1_fail
MGYP010851219317,89.7,3,201,2.01e-29,,Blic_amylase_decoy,F2_not_evaluable
MGYP010861454614,90.18,0,276,4.12e-24,PF00128,Blic_amylase_decoy,F2_fail
MGYP010874016625,80.95,5,284,2.97e-47,PF00128,Blic_amylase_decoy,F2_fail
MGYP010877024942,71.31,2,168,3.4e-26,,Blic_amylase_decoy,F1_fail
MGYP010879619314,91.79,3,240,2.98e-28,PF01107,Blic_amylase_decoy,F2_fail
MGYP010881917395,74.81,5,231,2.47e-39,PF09154,Blic_amylase_decoy,F2_fail
MGYP010884483234,93.98,12,513,4.38e-94,PF00128,Blic_amylase_decoy,F2_fail
MGYP010890133973,76.55,5,116,6.7e-07,,Gal_lysozyme_decoy,F1_fail
MGYP010892054817,68.03,3,122,5.28e-11,,Blic_amylase_decoy,F1_fail
MGYP010916564601,79.05,7,201,2.18e-07,PF00457,Tre_XYN1_decoy,F2_fail
MGYP010919658162,72.88,2,118,1.69e-11,,Blic_amylase_decoy,F1_fail
MGYP010922348130,102.91,5,234,8.48e-17,,Blic_amylase_decoy,F2_not_evaluable
MGYP010925921600,91.34,3,224,1.4e-36,,Blic_amylase_decoy,F2_not_evaluable
MGYP010925970015,75.64,4,289,7.16e-07,PF00128,Blic_amylase_decoy,F2_fail
MGYP010936540714,73.13,4,531,4.01e-30,PF00128,Blic_amylase_decoy,F2_fail
MGYP010941632786,73.68,1,633,2.7e-129,PF00128;PF05103,Blic_amylase_decoy,F2_fail
MGYP010945997587,60.62,15,272,8.94e-11,PF00062,Gal_lysozyme_decoy,F2_fail
MGYP010953877102,87.8,9,232,6.11e-28,PF09154,Blic_amylase_decoy,F2_fail
MGYP010956720199,71.03,6,339,6.1e-42,PF00128,Blic_amylase_decoy,F2_fail
MGYP010963213631,84.29,3,119,4.5e-17,,Blic_amylase_decoy,F1_fail
MGYP010970862883,107.97,4,701,6.4e-78,PF00128;PF01554,Blic_amylase_decoy,F2_fail
MGYP010974497701,65.14,3,105,4.74e-21,,Blic_amylase_decoy,F1_fail
MGYP010987287850,54.93,2,276,2.75e-27,PF00457,Tre_XYN1_decoy,F2_fail
MGYP010992457671,94.86,10,220,1.76e-11,,Blic_amylase_decoy,F2_not_evaluable
MGYP011003666884,78.77,11,243,1.36e-06,PF00062;PF08016;PF18896,Gal_lysozyme_decoy,F2_fail
MGYP011008892717,69.79,0,143,6.07e-12,,Tre_XYN1_decoy,F1_fail
MGYP011020970140,68.56,1,859,1.65e-52,PF00128,Blic_amylase_decoy,F2_fail
MGYP011021558371,68.19,3,193,1.13e-33,PF00457,Tre_XYN1_decoy,F2_fail
MGYP011022883624,69.67,12,819,5.54e-12,PF00128;PF07821,Blic_amylase_decoy,F2_fail
MGYP011023223935,66.21,12,633,5.29e-07,PF00128,Blic_amylase_decoy,F2_fail
MGYP011033700211,61.65,50,1628,1.64e-147,,Blic_amylase_decoy,F1_fail
MGYP011057930456,89.06,1,128,1.3e-08,,Blic_amylase_decoy,F1_fail
MGYP011072282150,69.29,5,169,1.76e-07,,Blic_amylase_decoy,F1_fail
MGYP011076825317,65.76,4,340,1.14e-11,PF00128,Blic_amylase_decoy,F2_fail
MGYP011079433640,98.41,0,113,1.44e-09,,Blic_amylase_decoy,F1_fail
MGYP011084597575,86.12,4,214,2.99e-31,PF09154,Blic_amylase_decoy,F2_fail
MGYP011089347156,74.91,3,169,8.78e-20,,Blic_amylase_decoy,F1_fail
MGYP011089833446,90.8,1,188,1.26e-26,PF00128;PF02324,Blic_amylase_decoy,F2_fail
MGYP011090837026,69.66,2,784,8.08e-09,PF00128;PF00905;PF13290,Blic_amylase_decoy,F2_fail
MGYP011091401308,83.63,3,168,9.37e-08,,Blic_amylase_decoy,F1_fail
MGYP011098318649,78.34,8,505,6.87e-43,,Blic_amylase_decoy,F2_not_evaluable
MGYP011103892978,92.38,3,323,9.1e-19,PF00128,Blic_amylase_decoy,F2_fail
MGYP011110836395,61.23,5,692,3.63e-22,PF00457;PF11721,Tre_XYN1_decoy,F2_fail
MGYP011127270903,86.96,2,168,7.45e-17,,Blic_amylase_decoy,F1_fail
MGYP011131723018,69.34,2,152,8.72e-32,,Blic_amylase_decoy,F1_fail
MGYP011134120847,71.81,7,227,8.32e-54,PF02324,Blic_amylase_decoy,F2_fail
MGYP011136810469,85.65,10,694,3.48e-23,PF00404;PF00457,Tre_XYN1_decoy,F2_fail
MGYP011139480776,79.05,2,95,2.7e-09,,Blic_amylase_decoy,F1_fail
